Jugador                      ,País    ,Posc    ,Equipo      ,Edad    ,Nacimiento ,PJ ,Titular ,Mín    ,90 s ,Gls. ,Gls. ,Ass ,TP ,TA ,TR
José Abella                  ,mx MEX  ,DF      ,FC Juárez   ,30-289  ,1994       ,17 ,     11 ,1014.0 ,11.3 , 0.0 ,0.00 ,1.0 , 0 , 3 , 0
Carlos Acevedo               ,mx MEX  ,PO      ,Santos      ,28-220  ,1996       ,16 ,     16 ,1440.0 ,16.0 , 0.0 ,0.00 ,0.0 , 0 , 1 , 0
Daniel Aceves                ,mx MEX  ,DF      ,Pachuca     ,23-242  ,2001       , 4 ,      2 , 228.0 , 2.5 , 0.0 ,0.00 ,0.0 , 0 , 1 , 0
Sergio Aguayo                ,us USA  ,DL      ,Pachuca     ,22-001  ,2002       , 6 ,      0 , 162.0 , 1.8 , 1.0 ,0.56 ,0.0 , 0 , 1 , 0
Eduardo Águila               ,mx MEX  ,DF      ,Atlético    ,22-192  ,2002       ,15 ,     14 ,1261.0 ,14.0 , 0.0 ,0.00 ,0.0 , 0 , 1 , 0
Eduardo Aguirre              ,mx MEX  ,DL      ,Atlas       ,26-114  ,1998       ,17 ,     15 ,1234.0 ,13.7 , 4.0 ,0.29 ,0.0 , 0 , 2 , 0
Érick Aguirre                ,mx MEX  ,DF      ,Monterrey   ,27-276  ,1997       , 7 ,      7 , 493.0 , 5.5 , 0.0 ,0.00 ,1.0 , 0 , 0 , 0
Gaddi Aguirre                ,mx MEX  ,DF      ,Atlas       ,28-239  ,1996       ,11 ,      3 , 316.0 , 3.5 , 0.0 ,0.00 ,0.0 , 0 , 4 , 1
Rodrigo Aguirre              ,uy URU  ,"DL,CC" ,América     ,30-055  ,1994       ,11 ,      6 , 592.0 , 6.6 , 5.0 ,0.76 ,1.0 , 0 , 6 , 0
Jorge Agustín Rodríguez      ,ar ARG  ,"CC,DF" ,Monterrey   ,29-071  ,1995       ,12 ,     12 ,1035.0 ,11.5 , 0.0 ,0.00 ,0.0 , 0 , 3 , 0
Arnaud Ake                   ,ci CIV  ,DL      ,Querétaro   ,26-238  ,1998       , 5 ,      3 , 234.0 , 2.6 , 0.0 ,0.00 ,0.0 , 0 , 0 , 0
Jesús Alberto Angulo         ,mx MEX  ,DF      ,UANL        ,26-300  ,1998       ,16 ,     14 ,1225.0 ,13.6 , 0.0 ,0.00 ,3.0 , 0 , 5 , 0
Gil Alcalá                   ,mx MEX  ,PO      ,UNAM        ,32-119  ,1992       , 4 ,      4 , 360.0 , 4.0 , 0.0 ,0.00 ,0.0 , 0 , 0 , 0
Jesús Alcantar               ,mx MEX  ,DF      ,Necaxa      ,21-118  ,2003       , 6 ,      4 , 392.0 , 4.4 , 0.0 ,0.00 ,0.0 , 0 , 1 , 0
Jordy Alcivar                ,ec ECU  ,"CC,DL" ,León        ,25-112  ,1999       ,10 ,      5 , 395.0 , 4.4 , 0.0 ,0.00 ,0.0 , 0 , 0 , 0
AlessandroTagle              ,mx MEX  ,DF      ,Monterrey   ,19-149  ,2005       , 1 ,      1 ,  61.0 , 0.7 , 0.0 ,0.00 ,0.0 , 0 , 0 , 0
Luis Alfonso Rodríguez       ,mx MEX  ,DF      ,Pachuca     ,33-309  ,1991       ,13 ,      8 , 755.0 , 8.4 , 0.0 ,0.00 ,0.0 , 0 , 1 , 0
Guillermo Allison            ,mx MEX  ,PO      ,Querétaro   ,34-061  ,1990       ,17 ,     17 ,1530.0 ,17.0 , 0.0 ,0.00 ,0.0 , 0 , 2 , 0
Facundo Almada               ,ar ARG  ,DF      ,Mazatlán    ,26-138  ,1998       , 9 ,      6 , 564.0 , 6.3 , 0.0 ,0.00 ,0.0 , 0 , 1 , 0
Carlos Alonso Vargas         ,mx MEX  ,"DL,CC" ,Cruz Azul   ,25-285  ,1999       , 3 ,      0 ,  17.0 , 0.2 , 0.0 ,0.00 ,0.0 , 0 , 0 , 0
Alfonso Alvarado             ,mx MEX  ,"DL,CC" ,León        ,24-257  ,2000       ,16 ,      8 , 758.0 , 8.4 , 3.0 ,0.36 ,2.0 , 0 , 1 , 0
Roberto Alvarado             ,mx MEX  ,"CC,DL" ,Guadalajara ,26-079  ,1998       ,13 ,     13 ,1031.0 ,11.5 , 5.0 ,0.44 ,4.0 , 2 , 2 , 0
Ventura Alvarado             ,us USA  ,DF      ,Mazatlán    ,32-101  ,1992       , 5 ,      5 , 392.0 , 4.4 , 0.0 ,0.00 ,0.0 , 0 , 0 , 0
Antonio Álvarez              ,mx MEX  ,"CC,DF" ,América     ,20-335  ,2003       , 2 ,      0 ,  11.0 , 0.1 , 0.0 ,0.00 ,0.0 , 0 , 0 , 0
Daniel Álvarez               ,mx MEX  ,"CC,DL" ,Puebla      ,30-126  ,1994       ,13 ,      6 , 527.0 , 5.9 , 0.0 ,0.00 ,0.0 , 0 , 1 , 0
Efrain Alvarez               ,mx MEX  ,"DL,CC" ,Tijuana     ,22-159  ,2002       ,16 ,     14 ,1220.0 ,13.6 , 3.0 ,0.22 ,3.0 , 0 , 0 , 0
Gael Álvarez                 ,mx MEX  ,DL      ,Pachuca     ,18-261  ,2006       , 5 ,      2 , 227.0 , 2.5 , 0.0 ,0.00 ,0.0 , 0 , 0 , 0
Jaime Alvarez                ,mx MEX  ,"DL,CC" ,Tijuana     ,21-279  ,2003       ,11 ,      2 , 339.0 , 3.8 , 1.0 ,0.27 ,0.0 , 0 , 0 , 0
Kevin Álvarez                ,mx MEX  ,DF      ,América     ,25-315  ,1999       , 9 ,      6 , 598.0 , 6.6 , 0.0 ,0.00 ,0.0 , 0 , 1 , 0
Luis Amarilla                ,py PAR  ,DL      ,Mazatlán    ,29-092  ,1995       , 7 ,      5 , 477.0 , 5.3 , 0.0 ,0.00 ,0.0 , 0 , 0 , 0
Frankie Amaya                ,us USA  ,CC      ,Toluca      ,24-060  ,2000       ,12 ,      2 , 335.0 , 3.7 , 0.0 ,0.00 ,2.0 , 0 , 1 , 0
Fidel Ambríz                 ,mx MEX  ,CC      ,Monterrey   ,21-249  ,2003       ,11 ,      7 , 684.0 , 7.6 , 0.0 ,0.00 ,0.0 , 0 , 2 , 0
Fidel Ambríz                 ,mx MEX  ,CC      ,León        ,21-249  ,2003       , 5 ,      5 , 421.0 , 4.7 , 0.0 ,0.00 ,0.0 , 0 , 0 , 0
Bruno Amione                 ,ar ARG  ,DF      ,Santos      ,22-327  ,2002       ,10 ,     10 , 855.0 , 9.5 , 0.0 ,0.00 ,0.0 , 0 , 2 , 0
Esteban Andrada              ,ar ARG  ,PO      ,Monterrey   ,33-304  ,1991       ,16 ,     16 ,1440.0 ,16.0 , 0.0 ,0.00 ,0.0 , 0 , 5 , 0
Alejandro Andrade            ,mx MEX  ,CC      ,Necaxa      ,23-101  ,2001       , 4 ,      2 , 186.0 , 2.1 , 0.0 ,0.00 ,0.0 , 0 , 0 , 0
Luis Ángel Malagón           ,mx MEX  ,PO      ,América     ,27-268  ,1997       ,16 ,     16 ,1440.0 ,16.0 , 0.0 ,0.00 ,0.0 , 0 , 1 , 0
Brayan Angulo                ,co COL  ,DF      ,Puebla      ,35-023  ,1989       ,17 ,     16 ,1432.0 ,15.9 , 0.0 ,0.00 ,2.0 , 0 , 1 , 0
Jesús Angulo                 ,mx MEX  ,"CC,DL" ,Toluca      ,27-279  ,1997       ,15 ,     11 , 839.0 , 9.3 , 5.0 ,0.54 ,3.0 , 0 , 0 , 0
José Antonio Rodríguez       ,mx MEX  ,PO      ,Tijuana     ,32-144  ,1992       ,10 ,     10 , 890.0 , 9.9 , 0.0 ,0.00 ,0.0 , 0 , 0 , 0
Uriel Antuna                 ,mx MEX  ,"DL,CC" ,Cruz Azul   ,27-096  ,1997       , 5 ,      2 , 231.0 , 2.6 , 0.0 ,0.00 ,0.0 , 0 , 0 , 0
Uriel Antuna                 ,mx MEX  ,DL      ,UANL        ,27-096  ,1997       ,10 ,      4 , 405.0 , 4.5 , 0.0 ,0.00 ,1.0 , 0 , 1 , 0
Javier Aquino                ,mx MEX  ,DF      ,UANL        ,34-288  ,1990       ,16 ,     15 ,1366.0 ,15.2 , 0.0 ,0.00 ,0.0 , 0 , 4 , 1
Pedro Aquino                 ,pe PER  ,CC      ,Santos      ,29-226  ,1995       , 7 ,      5 , 396.0 , 4.4 , 0.0 ,0.00 ,0.0 , 0 , 4 , 0
Diego Araujo                 ,mx MEX  ,CC      ,Querétaro   ,21-281  ,2003       , 2 ,      1 , 108.0 , 1.2 , 0.0 ,0.00 ,0.0 , 0 , 0 , 0
Maximiliano Araújo           ,uy URU  ,DL      ,Toluca      ,24-284  ,2000       , 2 ,      1 , 103.0 , 1.1 , 1.0 ,0.87 ,0.0 , 0 , 1 , 0
Néstor Araujo                ,mx MEX  ,DF      ,América     ,33-088  ,1991       ,13 ,     12 ,1029.0 ,11.4 , 0.0 ,0.00 ,2.0 , 0 , 1 , 0
Fernando Arce Jr.            ,us USA  ,CC      ,Necaxa      ,27-364  ,1996       ,15 ,     12 ,1036.0 ,11.5 , 2.0 ,0.17 ,0.0 , 0 , 5 , 0
Ramiro Árciga                ,mx MEX  ,"CC,DL" ,Mazatlán    ,20-087  ,2004       ,17 ,     11 , 953.0 ,10.6 , 0.0 ,0.00 ,0.0 , 0 , 2 , 0
Gerardo Arteaga              ,mx MEX  ,DF      ,Monterrey   ,26-079  ,1998       ,13 ,     12 ,1064.0 ,11.8 , 0.0 ,0.00 ,0.0 , 0 , 2 , 0
Víctor Arteaga               ,mx MEX  ,CC      ,Toluca      ,20-273  ,2004       ,15 ,      5 , 513.0 , 5.7 , 0.0 ,0.00 ,1.0 , 0 , 3 , 1
Ali Ávila                    ,mx MEX  ,DL      ,UNAM        ,21-063  ,2003       , 7 ,      0 , 122.0 , 1.4 , 0.0 ,0.00 ,0.0 , 0 , 0 , 0
Ettson Ayon                  ,mx MEX  ,DL      ,León        ,23-244  ,2001       , 7 ,      2 , 200.0 , 2.2 , 0.0 ,0.00 ,0.0 , 0 , 0 , 0
Tomás Badaloni               ,ar ARG  ,DL      ,Necaxa      ,24-207  ,2000       ,13 ,      3 , 461.0 , 5.1 , 2.0 ,0.39 ,0.0 , 0 , 0 , 0
Claudio Baeza                ,cl CHI  ,"CC,DF" ,Toluca      ,30-338  ,1993       ,16 ,     12 ,1016.0 ,11.3 , 0.0 ,0.00 ,1.0 , 0 , 4 , 0
Kevin Balanta                ,co COL  ,DF      ,Tijuana     ,27-211  ,1997       , 9 ,      7 , 591.0 , 6.6 , 0.0 ,0.00 ,0.0 , 0 , 1 , 0
Fidel Barajas                ,mx MEX  ,"CC,DL" ,Guadalajara ,18-234  ,2006       , 5 ,      0 ,  87.0 , 1.0 , 0.0 ,0.00 ,0.0 , 0 , 0 , 0
Víctor Barajas               ,mx MEX  ,DF      ,León        ,21-257  ,2003       , 1 ,      0 ,   2.0 , 0.0 , 0.0 ,0.00 ,0.0 , 0 , 0 , 1
Diego Barbosa                ,mx MEX  ,DF      ,Tijuana     ,28-061  ,1996       , 6 ,      3 , 239.0 , 2.7 , 0.0 ,0.00 ,0.0 , 0 , 0 , 0
Jaine Barreiro               ,co COL  ,DF      ,León        ,30-159  ,1994       ,17 ,     17 ,1507.0 ,16.7 , 1.0 ,0.06 ,0.0 , 0 , 3 , 0
Pablo Barrera                ,mx MEX  ,"CC,DL" ,Querétaro   ,37-157  ,1987       ,17 ,     15 ,1287.0 ,14.3 , 1.0 ,0.07 ,0.0 , 0 , 1 , 0
Sergio Barreto               ,ar ARG  ,DF      ,Pachuca     ,25-219  ,1999       ,15 ,     15 ,1307.0 ,14.5 , 0.0 ,0.00 ,1.0 , 0 , 5 , 1
Abraham Bass                 ,mx MEX  ,CC      ,Atlas       ,23-108  ,2001       , 1 ,      0 ,  10.0 , 0.1 , 0.0 ,0.00 ,0.0 , 0 , 0 , 0
Borja Bastón                 ,es ESP  ,DL      ,Pachuca     ,32-092  ,1992       , 7 ,      5 , 352.0 , 3.9 , 0.0 ,0.00 ,0.0 , 0 , 0 , 0
Alán Bautista                ,mx MEX  ,"CC,DL" ,Pachuca     ,22-019  ,2002       ,10 ,      5 , 401.0 , 4.5 , 1.0 ,0.22 ,0.0 , 0 , 0 , 0
Paul Bellón                  ,mx MEX  ,DF      ,León        ,27-174  ,1997       ,17 ,     17 ,1530.0 ,17.0 , 0.0 ,0.00 ,0.0 , 0 , 4 , 0
Fernando Beltrán             ,mx MEX  ,"CC,DL" ,Guadalajara ,26-201  ,1998       ,17 ,     15 ,1256.0 ,14.0 , 1.0 ,0.07 ,1.0 , 0 , 3 , 0
Nicolás Benedetti            ,co COL  ,CC      ,Mazatlán    ,27-214  ,1997       , 6 ,      2 , 243.0 , 2.7 , 0.0 ,0.00 ,0.0 , 0 , 2 , 0
Darío Benedetto              ,ar ARG  ,DL      ,Querétaro   ,34-192  ,1990       , 8 ,      4 , 427.0 , 4.7 , 0.0 ,0.00 ,0.0 , 0 , 0 , 0
Pablo Bennevendo Peña        ,mx MEX  ,DF      ,UNAM        ,24-327  ,2000       ,17 ,     16 ,1358.0 ,15.1 , 0.0 ,0.00 ,0.0 , 0 , 1 , 0
Jorge Berlanga               ,mx MEX  ,DF      ,Pachuca     ,21-130  ,2003       , 7 ,      6 , 529.0 , 5.9 , 0.0 ,0.00 ,0.0 , 0 , 4 , 1
Germán Berterame             ,mx MEX  ,DL      ,Monterrey   ,26-012  ,1998       ,15 ,     15 ,1237.0 ,13.7 , 6.0 ,0.44 ,0.0 , 0 , 2 , 1
Unai Bilbao                  ,es ESP  ,DF      ,Tijuana     ,30-295  ,1994       ,15 ,     12 ,1096.0 ,12.2 , 0.0 ,0.00 ,1.0 , 0 , 0 , 0
Alfonso Blanco Antúnez       ,mx MEX  ,PO      ,León        ,37-117  ,1987       ,17 ,     17 ,1530.0 ,17.0 , 0.0 ,0.00 ,0.0 , 0 , 2 , 0
Domingo Blanco               ,ar ARG  ,"DL,CC" ,Tijuana     ,29-217  ,1995       ,14 ,     10 , 887.0 , 9.9 , 3.0 ,0.30 ,0.0 , 0 , 2 , 0
Franck Boli                  ,ci CIV  ,DL      ,Atlético    ,30-354  ,1993       ,14 ,      9 , 813.0 , 9.0 , 4.0 ,0.44 ,0.0 , 1 , 1 , 0
Léo Bonatini                 ,br BRA  ,DL      ,Atlético    ,30-242  ,1994       ,11 ,      5 , 462.0 , 5.1 , 2.0 ,0.39 ,0.0 , 1 , 0 , 0
Cristian Borja               ,co COL  ,DF      ,América     ,31-281  ,1993       ,12 ,      8 , 721.0 , 8.0 , 0.0 ,0.00 ,1.0 , 0 , 0 , 0
Antonio Briseño              ,mx MEX  ,DF      ,Guadalajara ,30-294  ,1994       , 7 ,      6 , 541.0 , 6.0 , 0.0 ,0.00 ,1.0 , 0 , 2 , 0
Isaác Brizuela               ,mx MEX  ,"CC,DL" ,Guadalajara ,34-089  ,1990       , 3 ,      0 ,  48.0 , 0.5 , 0.0 ,0.00 ,0.0 , 0 , 0 , 0
Juan Brunetta                ,ar ARG  ,CC      ,UANL        ,27-197  ,1997       ,15 ,     10 , 809.0 , 9.0 , 4.0 ,0.44 ,2.0 , 0 , 1 , 1
Gustavo Cabral               ,ar ARG  ,DF      ,Pachuca     ,39-042  ,1985       ,11 ,     11 , 894.0 , 9.9 , 0.0 ,0.00 ,0.0 , 0 , 3 , 1
Luciano Cabral               ,cl CHI  ,"DL,CC" ,León        ,29-213  ,1995       ,15 ,     13 ,1071.0 ,11.9 , 1.0 ,0.08 ,3.0 , 0 , 3 , 1
Sebastián Cáceres            ,uy URU  ,DF      ,América     ,25-099  ,1999       , 3 ,      3 , 142.0 , 1.6 , 0.0 ,0.00 ,0.0 , 0 , 0 , 0
Jhonder Cádiz                ,ve VEN  ,DL      ,León        ,29-119  ,1995       ,15 ,     11 ,1021.0 ,11.3 , 5.0 ,0.44 ,1.0 , 1 , 4 , 0
José Caicedo                 ,co COL  ,CC      ,UNAM        ,22-186  ,2002       ,17 ,     17 ,1364.0 ,15.2 , 1.0 ,0.07 ,1.0 , 0 , 4 , 0
Cristian Calderón            ,mx MEX  ,DF      ,América     ,27-185  ,1997       ,14 ,     10 , 874.0 , 9.7 , 0.0 ,0.00 ,0.0 , 0 , 3 , 0
Francisco Calvo              ,cr CRC  ,DF      ,FC Juárez   ,32-140  ,1992       , 3 ,      3 , 270.0 , 3.0 , 0.0 ,0.00 ,0.0 , 0 , 1 , 0
Raúl Camacho                 ,mx MEX  ,"DL,DF" ,Mazatlán    ,22-251  ,2002       , 9 ,      4 , 307.0 , 3.4 , 2.0 ,0.59 ,0.0 , 0 , 2 , 0
Diber Cambindo               ,co COL  ,DL      ,Necaxa      ,28-282  ,1996       ,16 ,     14 ,1235.0 ,13.7 , 5.0 ,0.36 ,0.0 , 0 , 2 , 0
Diego Campillo               ,mx MEX  ,CC      ,FC Juárez   ,23-037  ,2001       ,17 ,     15 ,1251.0 ,13.9 , 1.0 ,0.07 ,0.0 , 0 , 4 , 0
Sergio Canales               ,es ESP  ,"CC,DL" ,Monterrey   ,33-283  ,1991       ,17 ,     17 ,1504.0 ,16.7 , 8.0 ,0.48 ,2.0 , 2 , 3 , 0
Camilo Cándido               ,uy URU  ,"DF,DL" ,Cruz Azul   ,29-176  ,1995       ,11 ,      1 , 229.0 , 2.5 , 0.0 ,0.00 ,0.0 , 0 , 0 , 1
Luis Cárdenas                ,mx MEX  ,PO      ,Monterrey   ,31-071  ,1993       , 1 ,      1 ,  90.0 , 1.0 , 0.0 ,0.00 ,0.0 , 0 , 0 , 0
Rafael Carioca               ,br BRA  ,CC      ,UANL        ,35-160  ,1989       ,13 ,     13 ,1027.0 ,11.4 , 0.0 ,0.00 ,0.0 , 0 , 1 , 0
Héctor Carranza              ,mx MEX  ,CC      ,Santos      ,20-327  ,2004       , 1 ,      0 ,   7.0 , 0.1 , 0.0 ,0.00 ,0.0 , 0 , 0 , 0
Jordan Carrillo              ,mx MEX  ,"CC,DL" ,Santos      ,22-361  ,2001       ,13 ,      9 , 851.0 , 9.5 , 0.0 ,0.00 ,0.0 , 0 , 1 , 0
Stephano Carrillo            ,mx MEX  ,"DL,DF" ,Santos      ,18-263  ,2006       , 8 ,      1 , 183.0 , 2.0 , 0.0 ,0.00 ,0.0 , 0 , 0 , 0
Guilherme Carvalho           ,br BRA  ,CC      ,FC Juárez   ,25-067  ,1999       ,12 ,     11 , 967.0 ,10.7 , 1.0 ,0.09 ,2.0 , 0 , 2 , 0
Kevin Castañeda              ,mx MEX  ,"CC,DL" ,Tijuana     ,25-028  ,1999       ,14 ,     11 , 896.0 ,10.0 , 3.0 ,0.30 ,0.0 , 1 , 2 , 0
Klever Castillo              ,mx MEX  ,DL      ,Toluca      ,19-105  ,2005       , 3 ,      0 ,  70.0 , 0.8 , 0.0 ,0.00 ,0.0 , 0 , 0 , 0
Moises Castillo              ,co COL  ,DF      ,FC Juárez   ,23-185  ,2001       ,10 ,      6 , 573.0 , 6.4 , 0.0 ,0.00 ,0.0 , 0 , 2 , 0
José Castillo Pérez          ,mx MEX  ,DF      ,Guadalajara ,22-359  ,2001       ,16 ,     16 ,1385.0 ,15.4 , 0.0 ,0.00 ,1.0 , 0 , 0 , 0
Raúl Castillo                ,mx MEX  ,"CC,DL" ,Puebla      ,22-359  ,2001       ,15 ,     11 , 785.0 , 8.7 , 1.0 ,0.11 ,0.0 , 0 , 3 , 0
Manuel Castro                ,uy URU  ,"CC,DL" ,FC Juárez   ,29-059  ,1995       , 1 ,      1 ,  90.0 , 1.0 , 0.0 ,0.00 ,0.0 , 0 , 0 , 0
Lucas Cavallini              ,ca CAN  ,DL      ,Puebla      ,31-333  ,1992       , 4 ,      4 , 328.0 , 3.6 , 4.0 ,1.10 ,0.0 , 2 , 1 , 0
Alan Cervantes               ,mx MEX  ,CC      ,Santos      ,26-313  ,1998       , 1 ,      1 ,  90.0 , 1.0 , 0.0 ,0.00 ,0.0 , 0 , 1 , 0
Alan Cervantes               ,mx MEX  ,CC      ,América     ,26-313  ,1998       ,12 ,      6 , 660.0 , 7.3 , 1.0 ,0.14 ,0.0 , 0 , 0 , 0
Luís Cervantes               ,mx MEX  ,DF      ,León        ,23-290  ,2001       , 1 ,      1 ,  33.0 , 0.4 , 0.0 ,0.00 ,0.0 , 0 , 0 , 0
Mateo Chávez                 ,mx MEX  ,DF      ,Guadalajara ,20-197  ,2004       ,12 ,      7 , 691.0 , 7.7 , 0.0 ,0.00 ,2.0 , 0 , 1 , 0
Ricardo Chávez Soto          ,mx MEX  ,DF      ,Atlético    ,30-006  ,1994       ,17 ,     13 ,1229.0 ,13.7 , 1.0 ,0.07 ,2.0 , 0 , 3 , 0
Ronaldo Cisneros             ,mx MEX  ,"DL,DF" ,Querétaro   ,27-322  ,1997       , 9 ,      2 , 318.0 , 3.5 , 2.0 ,0.57 ,0.0 , 0 , 0 , 0
Josué Colmán                 ,py PAR  ,"CC,DF" ,Mazatlán    ,26-123  ,1998       ,15 ,      5 , 552.0 , 6.1 , 2.0 ,0.33 ,0.0 , 0 , 0 , 0
Bryan Colula                 ,mx MEX  ,"DF,CC" ,Mazatlán    ,28-233  ,1996       ,16 ,     16 ,1314.0 ,14.6 , 0.0 ,0.00 ,0.0 , 0 , 4 , 0
Francisco Contreras          ,mx MEX  ,"DF,CC" ,Tijuana     ,25-163  ,1999       ,10 ,      5 , 482.0 , 5.4 , 0.0 ,0.00 ,0.0 , 0 , 0 , 0
Jesús Corona                 ,mx MEX  ,"CC,DL" ,Monterrey   ,31-324  ,1993       ,14 ,      6 , 586.0 , 6.5 , 1.0 ,0.15 ,1.0 , 0 , 1 , 0
Joe Corona                   ,us USA  ,CC      ,Tijuana     ,34-139  ,1990       ,10 ,      8 , 554.0 , 6.2 , 1.0 ,0.16 ,1.0 , 0 , 2 , 0
José Corona                  ,mx MEX  ,PO      ,Tijuana     ,43-304  ,1981       , 8 ,      7 , 640.0 , 7.1 , 0.0 ,0.00 ,0.0 , 0 , 0 , 0
Rogelio Cortéz Pineda        ,mx MEX  ,"DL,CC" ,Necaxa      ,20-141  ,2004       , 7 ,      0 , 171.0 , 1.9 , 1.0 ,0.53 ,0.0 , 0 , 0 , 0
Jordi Cortizo                ,mx MEX  ,"CC,DL" ,Monterrey   ,28-148  ,1996       ,13 ,      7 , 583.0 , 6.5 , 2.0 ,0.31 ,1.0 , 0 , 2 , 0
Rodolfo Cota                 ,mx MEX  ,PO      ,América     ,37-145  ,1987       , 1 ,      1 ,  90.0 , 1.0 , 0.0 ,0.00 ,0.0 , 0 , 0 , 0
Cade Cowell                  ,us USA  ,"CC,DL" ,Guadalajara ,21-042  ,2003       ,12 ,     10 , 831.0 , 9.2 , 5.0 ,0.54 ,2.0 , 0 , 0 , 0
Aldo Cruz                    ,mx MEX  ,DF      ,Atlético    ,27-062  ,1997       ,14 ,     13 ,1147.0 ,12.7 , 0.0 ,0.00 ,0.0 , 0 , 1 , 0
Jürgen Damm                  ,mx MEX  ,DF      ,Atlético    ,32-018  ,1992       , 1 ,      0 ,  25.0 , 0.3 , 0.0 ,0.00 ,0.0 , 0 , 0 , 0
José David Ramírez           ,mx MEX  ,CC      ,León        ,28-347  ,1995       ,11 ,      6 , 607.0 , 6.7 , 0.0 ,0.00 ,1.0 , 0 , 1 , 0
Víctor Dávila                ,cl CHI  ,"DL,CC" ,América     ,27-021  ,1997       , 6 ,      3 , 250.0 , 2.8 , 1.0 ,0.36 ,0.0 , 0 , 0 , 0
Diego De Buen                ,mx MEX  ,CC      ,Puebla      ,33-145  ,1991       ,17 ,     17 ,1427.0 ,15.9 , 1.0 ,0.06 ,0.0 , 0 , 2 , 0
Sergio De los Ríos           ,mx MEX  ,"CC,DF" ,Pachuca     ,21-150  ,2003       , 5 ,      0 , 108.0 , 1.2 , 0.0 ,0.00 ,0.0 , 0 , 0 , 0
Gustavo Del Prete            ,ar ARG  ,"CC,DL" ,Mazatlán    ,28-166  ,1996       , 3 ,      3 , 230.0 , 2.6 , 1.0 ,0.39 ,0.0 , 0 , 1 , 0
Everardo Del Villar          ,mx MEX  ,DF      ,Toluca      ,19-247  ,2005       , 3 ,      2 , 213.0 , 2.4 , 0.0 ,0.00 ,0.0 , 0 , 0 , 0
Arturo Delgado               ,mx MEX  ,PO      ,FC Juárez   ,22-281  ,2002       , 2 ,      2 , 180.0 , 2.0 , 0.0 ,0.00 ,0.0 , 0 , 0 , 0
Nelson Deossa                ,co COL  ,CC      ,Pachuca     ,24-293  ,2000       ,16 ,     14 ,1212.0 ,13.5 , 2.0 ,0.15 ,2.0 , 0 , 5 , 0
Benny Díaz                   ,mx MEX  ,PO      ,FC Juárez   ,25-346  ,1998       ,11 ,     11 , 990.0 ,11.0 , 0.0 ,0.00 ,0.0 , 0 , 3 , 0
Nicolás Díaz Huincales       ,cl CHI  ,DF      ,Tijuana     ,25-189  ,1999       , 9 ,      7 , 679.0 , 7.5 , 0.0 ,0.00 ,0.0 , 0 , 2 , 0
Jair Díaz                    ,mx MEX  ,DF      ,Mazatlán    ,26-096  ,1998       ,12 ,     10 , 931.0 ,10.3 , 0.0 ,0.00 ,0.0 , 0 , 4 , 0
Javairô Dilrosun             ,nl NED  ,"DL,CC" ,América     ,26-156  ,1998       ,11 ,      7 , 612.0 , 6.8 , 1.0 ,0.15 ,1.0 , 0 , 3 , 0
Willer Ditta                 ,co COL  ,DF      ,Cruz Azul   ,27-307  ,1997       ,17 ,     17 ,1530.0 ,17.0 , 0.0 ,0.00 ,0.0 , 0 , 3 , 0
Alexei Dominguez             ,mx MEX  ,DL      ,Pachuca     ,19-327  ,2005       , 3 ,      1 ,  69.0 , 0.8 , 0.0 ,0.00 ,0.0 , 0 , 0 , 0
Idekel Domínguez             ,mx MEX  ,DF      ,Atlas       ,24-176  ,2000       , 2 ,      2 , 143.0 , 1.6 , 0.0 ,0.00 ,0.0 , 0 , 0 , 0
Joel Domínguez               ,mx MEX  ,CC      ,Monterrey   ,19-321  ,2005       , 1 ,      0 ,   4.0 , 0.0 , 0.0 ,0.00 ,0.0 , 0 , 0 , 0
Jose Domínguez               ,py PAR  ,DF      ,Querétaro   ,28-128  ,1996       ,10 ,     10 , 846.0 , 9.4 , 0.0 ,0.00 ,0.0 , 0 , 5 , 1
Juan Domínguez               ,mx MEX  ,"DL,CC" ,Toluca      ,26-026  ,1998       ,17 ,      8 , 764.0 , 8.5 , 0.0 ,0.00 ,1.0 , 0 , 1 , 0
Julio Domínguez              ,mx MEX  ,DF      ,Atlético    ,37-017  ,1987       ,14 ,     14 ,1193.0 ,13.3 , 0.0 ,0.00 ,1.0 , 0 , 3 , 0
Misael Domínguez             ,mx MEX  ,"DL,CC" ,Querétaro   ,25-029  ,1999       , 2 ,      1 ,  78.0 , 0.9 , 0.0 ,0.00 ,0.0 , 0 , 0 , 0
Dória                        ,br BRA  ,DF      ,Atlas       ,30-017  ,1994       ,14 ,     13 ,1180.0 ,13.1 , 0.0 ,0.00 ,0.0 , 0 , 4 , 0
Jonathan dos Santos          ,mx MEX  ,CC      ,América     ,34-213  ,1990       ,14 ,     11 , 751.0 , 8.3 , 0.0 ,0.00 ,0.0 , 0 , 3 , 0
Rodrigo Dourado              ,br BRA  ,"CC,DF" ,Atlético    ,30-161  ,1994       ,16 ,     16 ,1415.0 ,15.7 , 1.0 ,0.06 ,0.0 , 0 , 5 , 0
Anderson Duarte              ,uy URU  ,"CC,DL" ,Toluca      ,20-247  ,2004       , 7 ,      0 , 136.0 , 1.5 , 1.0 ,0.66 ,0.0 , 0 , 0 , 0
Rubén Duarte                 ,es ESP  ,DF      ,UNAM        ,29-038  ,1995       ,14 ,     14 ,1241.0 ,13.8 , 0.0 ,0.00 ,0.0 , 0 , 3 , 0
Rafael Durán                 ,mx MEX  ,"CC,DL" ,Puebla      ,27-097  ,1997       , 8 ,      0 , 151.0 , 1.7 , 1.0 ,0.60 ,0.0 , 0 , 0 , 0
Emmanuel Echeverría          ,mx MEX  ,DF      ,Santos      ,21-052  ,2003       ,14 ,     11 ,1064.0 ,11.8 , 1.0 ,0.08 ,0.0 , 0 , 3 , 0
Edson                        ,br BRA  ,DF      ,FC Juárez   ,26-215  ,1998       ,13 ,      6 , 523.0 , 5.8 , 0.0 ,0.00 ,0.0 , 0 , 3 , 0
José Eduardo Castillo        ,mx MEX  ,DF      ,Pachuca     ,20-283  ,2004       , 1 ,      1 ,  90.0 , 1.0 , 0.0 ,0.00 ,0.0 , 0 , 0 , 0
Javier Eduardo López         ,mx MEX  ,"CC,DL" ,Pachuca     ,30-069  ,1994       , 3 ,      0 ,  87.0 , 1.0 , 1.0 ,1.03 ,0.0 , 0 , 0 , 0
Jorge Eduardo Sánchez        ,mx MEX  ,"DF,DL" ,Cruz Azul   ,26-351  ,1997       ,15 ,     15 ,1242.0 ,13.8 , 1.0 ,0.07 ,1.0 , 0 , 2 , 0
Francisco Eduardo Venegas    ,mx MEX  ,DF      ,Querétaro   ,26-132  ,1998       ,12 ,     11 , 821.0 , 9.1 , 0.0 ,0.00 ,0.0 , 0 , 3 , 0
Luis Enrique Quiñones        ,co COL  ,"DL,CC" ,Puebla      ,33-152  ,1991       ,11 ,     10 , 878.0 , 9.8 , 3.0 ,0.31 ,1.0 , 1 , 6 , 1
Luis Enrique Quiñones        ,co COL  ,"DL,CC" ,UANL        ,33-152  ,1991       , 4 ,      2 , 171.0 , 1.9 , 0.0 ,0.00 ,1.0 , 0 , 0 , 0
Robert Ergas                 ,uy URU  ,DF      ,UNAM        ,26-315  ,1998       ,14 ,     11 , 972.0 ,10.8 , 0.0 ,0.00 ,3.0 , 0 , 2 , 0
Carlos Ernesto Cisneros      ,mx MEX  ,"DL,CC" ,Guadalajara ,31-087  ,1993       , 9 ,      5 , 321.0 , 3.6 , 0.0 ,0.00 ,0.0 , 0 , 0 , 0
Kevin Escamilla              ,mx MEX  ,"CC,DF" ,Querétaro   ,30-278  ,1994       ,13 ,     11 , 886.0 , 9.8 , 0.0 ,0.00 ,1.0 , 0 , 3 , 0
Alonso Escoboza              ,mx MEX  ,"DF,CC" ,Mazatlán    ,31-308  ,1993       ,13 ,     10 , 861.0 , 9.6 , 0.0 ,0.00 ,0.0 , 0 , 1 , 0
Dagoberto Espinoza           ,mx MEX  ,"DF,CC" ,América     ,20-222  ,2004       , 9 ,      5 , 501.0 , 5.6 , 0.0 ,0.00 ,0.0 , 0 , 1 , 0
Luis Espinoza                ,mx MEX  ,DL      ,Santos      ,20-306  ,2004       , 3 ,      0 ,  36.0 , 0.4 , 0.0 ,0.00 ,0.0 , 0 , 0 , 0
Ángel Estrada                ,mx MEX  ,CC      ,León        ,21-310  ,2003       ,10 ,      9 , 715.0 , 7.9 , 1.0 ,0.13 ,0.0 , 0 , 1 , 0
Oscar Estupiñan              ,co COL  ,DL      ,FC Juárez   ,27-332  ,1996       ,12 ,     11 ,1011.0 ,11.2 , 7.0 ,0.62 ,0.0 , 1 , 1 , 0
José Eulogio                 ,mx MEX  ,PO      ,Pachuca     ,20-288  ,2004       , 2 ,      2 , 180.0 , 2.0 , 0.0 ,0.00 ,0.0 , 0 , 0 , 0
Franco Fagúndez              ,uy URU  ,"CC,DL" ,Santos      ,24-129  ,2000       ,13 ,      7 , 716.0 , 8.0 , 2.0 ,0.25 ,1.0 , 0 , 5 , 0
Lorenzo Faravelli            ,ar ARG  ,"CC,DL" ,Cruz Azul   ,31-241  ,1993       ,14 ,     13 ,1028.0 ,11.4 , 5.0 ,0.44 ,1.0 , 0 , 3 , 0
Carlos Felipe Rodríguez      ,mx MEX  ,PO      ,UANL        ,35-236  ,1989       , 3 ,      3 , 270.0 , 3.0 , 0.0 ,0.00 ,0.0 , 0 , 0 , 0
Gabriel Fernández            ,uy URU  ,"DL,CC" ,Cruz Azul   ,30-196  ,1994       , 2 ,      0 ,  44.0 , 0.5 , 1.0 ,2.05 ,0.0 , 0 , 0 , 0
Rafael Fernández             ,mx MEX  ,DF      ,Tijuana     ,24-112  ,2000       ,15 ,     13 ,1046.0 ,11.6 , 0.0 ,0.00 ,0.0 , 0 , 3 , 0
Gustavo Ferrareis            ,br BRA  ,DF      ,Puebla      ,28-328  ,1996       ,16 ,     16 ,1414.0 ,15.7 , 1.0 ,0.06 ,0.0 , 0 , 5 , 0
Álvaro Fidalgo               ,es ESP  ,CC      ,América     ,27-230  ,1997       ,15 ,     12 ,1110.0 ,12.3 , 1.0 ,0.08 ,3.0 , 0 , 0 , 0
Iker Fimbres                 ,mx MEX  ,CC      ,Monterrey   ,19-176  ,2005       ,12 ,      6 , 545.0 , 6.1 , 2.0 ,0.33 ,0.0 , 0 , 3 , 0
Leonardo Flores              ,mx MEX  ,"DL,CC" ,Atlas       ,21-218  ,2003       , 7 ,      0 , 110.0 , 1.2 , 0.0 ,0.00 ,0.0 , 0 , 1 , 0
Marcelo Flores               ,mx MEX  ,"DL,CC" ,UANL        ,21-055  ,2003       ,13 ,      2 , 383.0 , 4.3 , 2.0 ,0.47 ,0.0 , 0 , 1 , 0
Alexis Francisco Peña        ,mx MEX  ,DF      ,Necaxa      ,28-317  ,1996       , 4 ,      3 , 272.0 , 3.0 , 0.0 ,0.00 ,0.0 , 0 , 0 , 0
Ramiro Franco                ,mx MEX  ,DF      ,Mazatlán    ,21-031  ,2003       , 8 ,      4 , 365.0 , 4.1 , 0.0 ,0.00 ,0.0 , 0 , 2 , 0
Adonis Frías                 ,ar ARG  ,"CC,DF" ,León        ,26-253  ,1998       , 8 ,      4 , 419.0 , 4.7 , 0.0 ,0.00 ,0.0 , 0 , 2 , 0
Raymundo Fulgencio           ,mx MEX  ,"DL,CC" ,Atlas       ,24-287  ,2000       ,17 ,     13 ,1053.0 ,11.7 , 1.0 ,0.09 ,4.0 , 0 , 2 , 0
Rogelio Funes Mori           ,mx MEX  ,DL      ,UNAM        ,33-265  ,1991       ,15 ,      6 , 608.0 , 6.8 , 1.0 ,0.15 ,1.0 , 0 , 2 , 0
Benjamín Galdames            ,mx MEX  ,"CC,DL" ,Atlético    ,23-275  ,2001       ,12 ,      1 , 239.0 , 2.7 , 0.0 ,0.00 ,0.0 , 0 , 1 , 0
Jesús Gallardo               ,mx MEX  ,"DF,CC" ,Toluca      ,30-102  ,1994       ,16 ,     16 ,1421.0 ,15.8 , 4.0 ,0.25 ,3.0 , 0 , 3 , 0
Bryan Gamboa                 ,mx MEX  ,CC      ,Cruz Azul   ,22-257  ,2002       , 1 ,      0 ,  11.0 , 0.1 , 1.0 ,8.18 ,0.0 , 0 , 0 , 0
Aitor García                 ,es ESP  ,"DL,CC" ,FC Juárez   ,30-245  ,1994       ,13 ,      3 , 422.0 , 4.7 , 1.0 ,0.21 ,1.0 , 0 , 0 , 0
Amaury García                ,mx MEX  ,"CC,DL" ,Cruz Azul   ,22-342  ,2001       , 3 ,      0 ,  14.0 , 0.2 , 0.0 ,0.00 ,0.0 , 0 , 1 , 0
Brian García                 ,mx MEX  ,DF      ,Toluca      ,27-025  ,1997       ,16 ,     14 ,1174.0 ,13.0 , 1.0 ,0.08 ,1.0 , 0 , 2 , 0
Denzell García               ,mx MEX  ,CC      ,FC Juárez   ,21-102  ,2003       , 3 ,      0 ,  13.0 , 0.1 , 0.0 ,0.00 ,0.0 , 0 , 0 , 0
Gael García                  ,mx MEX  ,DL      ,Guadalajara ,16-174  ,2008       , 1 ,      0 ,   1.0 , 0.0 , 0.0 ,0.00 ,0.0 , 0 , 0 , 0
Jorge García                 ,mx MEX  ,CC      ,Cruz Azul   ,22-308  ,2002       , 3 ,      0 ,  77.0 , 0.9 , 0.0 ,0.00 ,0.0 , 0 , 1 , 0
José García                  ,mx MEX  ,DF      ,FC Juárez   ,28-156  ,1996       , 8 ,      7 , 606.0 , 6.7 , 2.0 ,0.30 ,0.0 , 0 , 1 , 1
Luan Garcia                  ,br BRA  ,DF      ,Toluca      ,31-199  ,1993       ,16 ,     16 ,1395.0 ,15.5 , 1.0 ,0.06 ,0.0 , 0 , 2 , 0
Luis García                  ,mx MEX  ,"CC,DL" ,Puebla      ,31-245  ,1993       , 7 ,      0 , 117.0 , 1.3 , 0.0 ,0.00 ,0.0 , 0 , 0 , 0
Mateo García                 ,ar ARG  ,"CC,DL" ,Atlas       ,28-076  ,1996       ,11 ,      2 , 343.0 , 3.8 , 0.0 ,0.00 ,0.0 , 0 , 0 , 0
Bryan Garnica                ,mx MEX  ,"DL,DF" ,Necaxa      ,28-182  ,1996       ,15 ,     11 ,1002.0 ,11.1 , 0.0 ,0.00 ,0.0 , 0 , 1 , 1
César Garza                  ,mx MEX  ,CC      ,Monterrey   ,19-147  ,2005       , 2 ,      0 ,  17.0 , 0.2 , 0.0 ,0.00 ,0.0 , 0 , 0 , 0
Jesús Garza                  ,mx MEX  ,DF      ,UANL        ,24-172  ,2000       , 8 ,      3 , 277.0 , 3.1 , 0.0 ,0.00 ,1.0 , 0 , 2 , 0
Giorgos Giakoumakis          ,gr GRE  ,DL      ,Cruz Azul   ,29-352  ,1994       ,13 ,      9 , 661.0 , 7.3 , 6.0 ,0.82 ,4.0 , 0 , 3 , 0
André-Pierre Gignac          ,fr FRA  ,DL      ,UANL        ,38-356  ,1985       ,16 ,     13 ,1024.0 ,11.4 , 7.0 ,0.62 ,1.0 , 2 , 1 , 0
Faber Gil                    ,co COL  ,"DL,CC" ,Pachuca     ,29-256  ,1995       , 9 ,      2 , 283.0 , 3.1 , 0.0 ,0.00 ,0.0 , 0 , 2 , 0
Alejandro Gómez              ,mx MEX  ,"DF,CC" ,Tijuana     ,22-299  ,2002       ,11 ,     10 , 839.0 , 9.3 , 0.0 ,0.00 ,0.0 , 0 , 0 , 0
Diego Gómez                  ,mx MEX  ,CC      ,Necaxa      ,21-076  ,2003       ,11 ,      5 , 398.0 , 4.4 , 0.0 ,0.00 ,0.0 , 0 , 0 , 0
Emiliano Gómez               ,uy URU  ,"DL,CC" ,Puebla      ,23-068  ,2001       ,10 ,      9 , 792.0 , 8.8 , 3.0 ,0.34 ,0.0 , 0 , 0 , 0
Luis Gómez                   ,mx MEX  ,"DF,DL" ,Santos      ,17-328  ,2007       , 3 ,      0 ,  25.0 , 0.3 , 0.0 ,0.00 ,0.0 , 0 , 0 , 0
Jaime Gómez Valencia         ,mx MEX  ,"CC,DF" ,Querétaro   ,31-131  ,1993       ,10 ,      2 , 227.0 , 2.5 , 0.0 ,0.00 ,0.0 , 0 , 1 , 0
Alfonso González             ,mx MEX  ,"CC,DL" ,Pachuca     ,30-081  ,1994       ,10 ,      4 , 364.0 , 4.0 , 2.0 ,0.49 ,0.0 , 0 , 1 , 1
Armando González             ,mx MEX  ,DL      ,Guadalajara ,21-219  ,2003       ,11 ,      6 , 510.0 , 5.7 , 3.0 ,0.53 ,1.0 , 0 , 1 , 0
Bryan González               ,mx MEX  ,DF      ,Pachuca     ,21-229  ,2003       ,16 ,     16 ,1372.0 ,15.2 , 0.0 ,0.00 ,1.0 , 0 , 2 , 0
Pablo González Díaz          ,mx MEX  ,CC      ,Puebla      ,32-141  ,1992       ,16 ,     14 ,1195.0 ,13.3 , 0.0 ,0.00 ,0.0 , 0 , 2 , 0
Hugo González Durán          ,mx MEX  ,PO      ,Mazatlán    ,34-116  ,1990       ,17 ,     17 ,1485.0 ,16.5 , 0.0 ,0.00 ,0.0 , 0 , 2 , 0
Carlos González Espínola     ,py PAR  ,DL      ,Tijuana     ,31-295  ,1993       ,11 ,      8 , 580.0 , 6.4 , 2.0 ,0.31 ,0.0 , 0 , 2 , 0
Jair González                ,mx MEX  ,"CC,DL" ,Puebla      ,22-266  ,2002       , 9 ,      0 , 170.0 , 1.9 , 0.0 ,0.00 ,0.0 , 0 , 0 , 0
Jonathan González            ,mx MEX  ,CC      ,FC Juárez   ,25-226  ,1999       ,11 ,      6 , 501.0 , 5.6 , 0.0 ,0.00 ,1.0 , 0 , 1 , 0
Owen González                ,mx MEX  ,DL      ,Pachuca     ,21-128  ,2003       ,16 ,     12 , 895.0 , 9.9 , 1.0 ,0.10 ,2.0 , 0 , 2 , 0
Fernando Gorriarán           ,uy URU  ,CC      ,UANL        ,29-364  ,1994       ,17 ,     17 ,1433.0 ,15.9 , 2.0 ,0.13 ,0.0 , 0 , 2 , 0
Ismael Govea                 ,mx MEX  ,DF      ,Santos      ,27-279  ,1997       ,10 ,      7 , 610.0 , 6.8 , 0.0 ,0.00 ,0.0 , 0 , 1 , 1
Omar Govea                   ,mx MEX  ,CC      ,Guadalajara ,28-312  ,1996       ,10 ,      3 , 335.0 , 3.7 , 0.0 ,0.00 ,0.0 , 0 , 1 , 0
Andrés Guardado              ,mx MEX  ,CC      ,León        ,38-058  ,1986       ,13 ,      9 , 842.0 , 9.4 , 1.0 ,0.11 ,1.0 , 0 , 3 , 0
Javier Güemez                ,mx MEX  ,CC      ,Atlético    ,33-039  ,1991       ,16 ,      9 , 901.0 ,10.0 , 1.0 ,0.10 ,3.0 , 0 , 1 , 0
Edgar Guerra                 ,co COL  ,"DF,CC" ,León        ,23-261  ,2001       ,15 ,      9 , 855.0 , 9.5 , 0.0 ,0.00 ,1.0 , 0 , 1 , 1
Carlos Guillen               ,mx MEX  ,"CC,DL" ,Atlas       ,20-320  ,2004       , 8 ,      3 , 300.0 , 3.3 , 0.0 ,0.00 ,0.0 , 0 , 2 , 0
Daniel Guillén               ,mx MEX  ,DF      ,Atlético    ,23-112  ,2001       , 6 ,      4 , 418.0 , 4.6 , 1.0 ,0.22 ,0.0 , 0 , 2 , 0
Emanuel Gularte              ,uy URU  ,DF      ,Puebla      ,27-056  ,1997       ,16 ,     16 ,1418.0 ,15.8 , 1.0 ,0.06 ,0.0 , 0 , 1 , 1
Alexis Gutiérrez             ,mx MEX  ,CC      ,Cruz Azul   ,24-273  ,2000       ,17 ,     14 ,1138.0 ,12.6 , 3.0 ,0.24 ,3.0 , 0 , 0 , 0
Luis Gutiérrez Castellanos   ,mx MEX  ,CC      ,Santos      ,22-298  ,2002       , 8 ,      6 , 538.0 , 6.0 , 0.0 ,0.00 ,1.0 , 0 , 2 , 0
Edson Gutiérrez              ,mx MEX  ,DF      ,Monterrey   ,28-311  ,1996       , 8 ,      7 , 586.0 , 6.5 , 1.0 ,0.15 ,0.0 , 0 , 0 , 0
Erick Gutiérrez              ,mx MEX  ,CC      ,Guadalajara ,29-163  ,1995       ,15 ,     14 ,1119.0 ,12.4 , 0.0 ,0.00 ,1.0 , 0 , 3 , 0
Ricardo Gutiérrez            ,mx MEX  ,PO      ,Mazatlán    ,27-161  ,1997       , 1 ,      0 ,  45.0 , 0.5 , 0.0 ,0.00 ,0.0 , 0 , 0 , 0
Nahuel Guzmán                ,ar ARG  ,PO      ,UANL        ,38-289  ,1986       ,11 ,     11 , 990.0 ,11.0 , 0.0 ,0.00 ,0.0 , 0 , 0 , 0
Víctor Guzmán                ,mx MEX  ,"DL,CC" ,Guadalajara ,29-296  ,1995       ,15 ,      3 , 583.0 , 6.5 , 1.0 ,0.15 ,1.0 , 0 , 2 , 0
Víctor Guzmán                ,mx MEX  ,DF      ,Monterrey   ,22-263  ,2002       ,15 ,     10 ,1032.0 ,11.5 , 0.0 ,0.00 ,0.0 , 0 , 1 , 0
Helinho                      ,br BRA  ,DL      ,Toluca      ,24-214  ,2000       , 4 ,      2 , 188.0 , 2.1 , 1.0 ,0.48 ,0.0 , 0 , 0 , 0
Diego Hernández              ,uy URU  ,"CC,DL" ,León        ,24-156  ,2000       ,13 ,      8 , 773.0 , 8.6 , 2.0 ,0.23 ,2.0 , 0 , 3 , 0
Illian Hernandez             ,mx MEX  ,"DL,DF" ,América     ,24-227  ,2000       , 6 ,      1 , 126.0 , 1.4 , 1.0 ,0.71 ,0.0 , 0 , 0 , 0
Javier Hernández             ,mx MEX  ,DL      ,Guadalajara ,36-177  ,1988       , 6 ,      4 , 307.0 , 3.4 , 0.0 ,0.00 ,1.0 , 0 , 0 , 0
Jesús Hernández              ,mx MEX  ,"DL,CC" ,León        ,23-116  ,2001       , 4 ,      2 , 170.0 , 1.9 , 0.0 ,0.00 ,0.0 , 0 , 0 , 0
Pedro Hernández              ,mx MEX  ,CC      ,León        ,24-025  ,2000       , 1 ,      0 ,   1.0 , 0.0 , 0.0 ,0.00 ,0.0 , 0 , 0 , 0
Sebastián Hernández          ,mx MEX  ,"CC,DL" ,Querétaro   ,20-257  ,2004       , 8 ,      5 , 396.0 , 4.4 , 0.0 ,0.00 ,0.0 , 0 , 3 , 0
Sergio Hernandez             ,Unknown ,"CC,DL" ,Pachuca     ,Unknown ,Unknown    ,13 ,      6 , 543.0 , 6.0 , 2.0 ,0.33 ,2.0 , 0 , 2 , 0
Alberto Herrera              ,mx MEX  ,"CC,DL" ,Puebla      ,23-276  ,2001       ,14 ,      9 , 698.0 , 7.8 , 0.0 ,0.00 ,0.0 , 0 , 0 , 0
Ozziel Herrera               ,mx MEX  ,"DL,CC" ,UANL        ,23-186  ,2001       ,16 ,      8 , 724.0 , 8.0 , 4.0 ,0.50 ,0.0 , 1 , 2 , 0
Héctor Holguín               ,mx MEX  ,PO      ,Santos      ,23-215  ,2001       , 1 ,      1 ,  90.0 , 1.0 , 0.0 ,0.00 ,0.0 , 0 , 0 , 0
César Huerta                 ,mx MEX  ,"DL,CC" ,UNAM        ,23-358  ,2000       ,15 ,     14 ,1290.0 ,14.3 , 5.0 ,0.35 ,3.0 , 1 , 5 , 0
Rodrigo Huescas              ,mx MEX  ,DF      ,Cruz Azul   ,21-068  ,2003       , 1 ,      1 ,  90.0 , 1.0 , 0.0 ,0.00 ,0.0 , 0 , 0 , 0
Avilés Hurtado               ,co COL  ,"DL,CC" ,FC Juárez   ,37-219  ,1987       , 8 ,      4 , 335.0 , 3.7 , 1.0 ,0.27 ,0.0 , 1 , 1 , 0
Nicolás Ibáñez               ,ar ARG  ,DL      ,UANL        ,30-094  ,1994       ,17 ,      6 , 730.0 , 8.1 , 4.0 ,0.49 ,0.0 , 1 , 1 , 0
Oussama Idrissi              ,ma MAR  ,DL      ,Pachuca     ,28-273  ,1996       ,16 ,     14 ,1092.0 ,12.1 , 2.0 ,0.16 ,3.0 , 0 , 3 , 1
Hugo Isaác Rodríguez         ,mx MEX  ,DF      ,Santos      ,34-170  ,1990       , 2 ,      1 ,  76.0 , 0.8 , 0.0 ,0.00 ,0.0 , 0 , 1 , 0
Mauricio Isais               ,mx MEX  ,"CC,DF" ,León        ,23-230  ,2001       , 2 ,      0 ,  26.0 , 0.3 , 1.0 ,3.46 ,0.0 , 0 , 1 , 0
Omar Israel Mendoza          ,mx MEX  ,DF      ,Querétaro   ,36-028  ,1988       ,15 ,     14 ,1202.0 ,13.4 , 0.0 ,0.00 ,1.0 , 0 , 3 , 1
Miguel Jiménez Ponce         ,mx MEX  ,PO      ,Puebla      ,34-256  ,1990       ,13 ,     13 ,1170.0 ,13.0 , 0.0 ,0.00 ,0.0 , 0 , 1 , 0
Ricardo Jiménez              ,mx MEX  ,CC      ,Necaxa      ,18-217  ,2006       , 1 ,      0 ,   1.0 , 0.0 , 0.0 ,0.00 ,0.0 , 0 , 0 , 0
Tahiel Jiménez               ,mx MEX  ,"CC,DL" ,Santos      ,18-308  ,2006       ,10 ,      4 , 397.0 , 4.4 , 1.0 ,0.23 ,0.0 , 0 , 3 , 0
Joaquim                      ,br BRA  ,DF      ,UANL        ,25-333  ,1998       ,13 ,     13 ,1162.0 ,12.9 , 0.0 ,0.00 ,1.0 , 0 , 2 , 0
José Joaquín Esquivel        ,mx MEX  ,DF      ,Mazatlán    ,26-323  ,1998       , 6 ,      4 , 363.0 , 4.0 , 0.0 ,0.00 ,0.0 , 0 , 2 , 0
Julio José González          ,mx MEX  ,PO      ,UNAM        ,33-216  ,1991       ,13 ,     13 ,1170.0 ,13.0 , 0.0 ,0.00 ,0.0 , 0 , 0 , 0
Juan José Sánchez            ,co COL  ,"DF,CC" ,UANL        ,26-321  ,1998       , 2 ,      0 ,  28.0 , 0.3 , 0.0 ,0.00 ,0.0 , 0 , 1 , 0
José Juan Macías             ,mx MEX  ,"DL,CC" ,Santos      ,25-064  ,1999       , 2 ,      0 ,  44.0 , 0.5 , 0.0 ,0.00 ,0.0 , 0 , 0 , 0
Ramón Juárez                 ,mx MEX  ,DF      ,América     ,23-200  ,2001       ,10 ,      8 , 760.0 , 8.4 , 1.0 ,0.12 ,0.0 , 0 , 2 , 0
Heriberto Jurado             ,mx MEX  ,"DL,DF" ,Necaxa      ,19-327  ,2005       ,13 ,     11 , 866.0 , 9.6 , 0.0 ,0.00 ,0.0 , 0 , 0 , 0
Sebastián Jurado             ,mx MEX  ,PO      ,FC Juárez   ,27-058  ,1997       , 4 ,      4 , 360.0 , 4.0 , 0.0 ,0.00 ,0.0 , 0 , 0 , 0
Mateo Klimowicz              ,de GER  ,"DL,CC" ,Atlético    ,24-142  ,2000       ,11 ,      7 , 562.0 , 6.2 , 3.0 ,0.48 ,1.0 , 0 , 0 , 0
Roberto de la Rosa           ,mx MEX  ,"DL,CC" ,Monterrey   ,24-326  ,2000       ,10 ,      2 , 241.0 , 2.7 , 0.0 ,0.00 ,1.0 , 0 , 0 , 0
Diego Lainez                 ,mx MEX  ,DL      ,UANL        ,24-169  ,2000       ,12 ,      6 , 608.0 , 6.8 , 0.0 ,0.00 ,3.0 , 0 , 0 , 0
Mauro Laínez                 ,mx MEX  ,"CC,DF" ,Mazatlán    ,28-200  ,1996       ,10 ,      0 , 188.0 , 2.1 , 0.0 ,0.00 ,0.0 , 0 , 0 , 0
Emilio Lara                  ,mx MEX  ,DF      ,América     ,22-191  ,2002       , 1 ,      1 ,  59.0 , 0.7 , 0.0 ,0.00 ,0.0 , 0 , 0 , 0
Emilio Lara                  ,mx MEX  ,DF      ,Necaxa      ,22-191  ,2002       , 9 ,      7 , 637.0 , 7.1 , 0.0 ,0.00 ,1.0 , 0 , 1 , 0
Israel Larios                ,mx MEX  ,"DL,CC" ,Atlas       ,21-198  ,2003       ,10 ,      1 , 185.0 , 2.1 , 0.0 ,0.00 ,0.0 , 0 , 0 , 0
Federico Lértora             ,ar ARG  ,CC      ,Querétaro   ,34-143  ,1990       ,17 ,     17 ,1525.0 ,16.9 , 1.0 ,0.06 ,2.0 , 0 , 4 , 0
Mateo Levy                   ,mx MEX  ,"DL,CC" ,Cruz Azul   ,18-034  ,2006       , 7 ,      2 , 191.0 , 2.1 , 0.0 ,0.00 ,0.0 , 0 , 0 , 0
Igor Lichnovsky              ,cl CHI  ,DF      ,América     ,30-263  ,1994       , 1 ,      1 ,  90.0 , 1.0 , 0.0 ,0.00 ,0.0 , 0 , 0 , 0
Erik Lira                    ,mx MEX  ,DF      ,Cruz Azul   ,24-201  ,2000       ,16 ,     15 ,1311.0 ,14.6 , 0.0 ,0.00 ,0.0 , 0 , 2 , 0
Aldo López                   ,mx MEX  ,"DF,CC" ,Santos      ,24-186  ,2000       ,13 ,     11 , 947.0 ,10.5 , 0.0 ,0.00 ,1.0 , 0 , 1 , 0
César López                  ,mx MEX  ,"DL,CC" ,FC Juárez   ,22-263  ,2002       , 3 ,      0 ,  18.0 , 0.2 , 0.0 ,0.00 ,0.0 , 0 , 0 , 0
Cesar López                  ,mx MEX  ,PO      ,Atlético    ,24-168  ,2000       , 1 ,      1 ,  90.0 , 1.0 , 0.0 ,0.00 ,0.0 , 0 , 1 , 0
Eder López                   ,mx MEX  ,DF      ,FC Juárez   ,18-329  ,2006       , 4 ,      0 , 103.0 , 1.1 , 0.0 ,0.00 ,0.0 , 0 , 1 , 0
Edgar López                  ,mx MEX  ,"DL,CC" ,Toluca      ,25-218  ,1999       ,12 ,      2 , 293.0 , 3.3 , 0.0 ,0.00 ,0.0 , 0 , 0 , 0
Rodrigo López                ,mx MEX  ,"DF,CC" ,UNAM        ,23-013  ,2001       ,11 ,      1 , 243.0 , 2.7 , 1.0 ,0.37 ,1.0 , 0 , 1 , 0
Victor Lopez                 ,mx MEX  ,CC      ,Querétaro   ,21-201  ,2003       , 2 ,      0 ,  49.0 , 0.5 , 1.0 ,1.84 ,0.0 , 0 , 0 , 0
Vladimir Loroña              ,mx MEX  ,"DF,DL" ,Santos      ,26-009  ,1998       , 4 ,      2 , 242.0 , 2.7 , 0.0 ,0.00 ,0.0 , 0 , 2 , 0
Anthony Lozano               ,hn HON  ,DL      ,Santos      ,31-214  ,1993       ,13 ,     12 , 943.0 ,10.5 , 3.0 ,0.29 ,0.0 , 0 , 2 , 0
Esteban Lozano               ,mx MEX  ,DL      ,América     ,21-260  ,2003       , 1 ,      0 ,  31.0 , 0.3 , 0.0 ,0.00 ,0.0 , 0 , 0 , 0
José Lozano                  ,mx MEX  ,"DL,CC" ,Atlas       ,26-051  ,1998       ,16 ,     13 ,1019.0 ,11.3 , 2.0 ,0.18 ,3.0 , 0 , 3 , 0
José Luis Rodríguez          ,pa PAN  ,"CC,DL" ,FC Juárez   ,26-159  ,1998       , 9 ,      5 , 422.0 , 4.7 , 0.0 ,0.00 ,0.0 , 0 , 0 , 0
Oscar Macías                 ,mx MEX  ,CC      ,Atlético    ,26-139  ,1998       ,13 ,     11 , 953.0 ,10.6 , 1.0 ,0.09 ,1.0 , 0 , 0 , 0
Waldo Madrid                 ,mx MEX  ,DL      ,Necaxa      ,21-092  ,2003       , 1 ,      0 ,  27.0 , 0.3 , 0.0 ,0.00 ,0.0 , 0 , 0 , 0
Fernando Madrigal            ,mx MEX  ,CC      ,Tijuana     ,33-013  ,1991       , 4 ,      2 , 191.0 , 2.1 , 0.0 ,0.00 ,0.0 , 0 , 0 , 0
Lisandro Magallán            ,ar ARG  ,DF      ,UNAM        ,31-059  ,1993       ,12 ,     12 ,1062.0 ,11.8 , 0.0 ,0.00 ,0.0 , 0 , 2 , 0
Óscar Manzanarez             ,mx MEX  ,DF      ,Querétaro   ,29-215  ,1995       , 8 ,      7 , 596.0 , 6.6 , 0.0 ,0.00 ,0.0 , 0 , 4 , 0
Cristian Mares               ,mx MEX  ,CC      ,Puebla      ,20-074  ,2004       , 1 ,      0 ,  11.0 , 0.1 , 0.0 ,0.00 ,0.0 , 0 , 0 , 0
Antonio María                ,mx MEX  ,DL      ,Querétaro   ,20-227  ,2004       , 1 ,      1 ,  59.0 , 0.7 , 0.0 ,0.00 ,0.0 , 0 , 0 , 0
Ricardo Marín                ,mx MEX  ,"DL,CC" ,Guadalajara ,26-252  ,1998       ,13 ,      5 , 565.0 , 6.3 , 3.0 ,0.48 ,1.0 , 0 , 0 , 0
Salvador Mariscal            ,mx MEX  ,"CC,DF" ,Santos      ,21-217  ,2003       ,15 ,     12 ,1082.0 ,12.0 , 0.0 ,0.00 ,0.0 , 0 , 3 , 0
Ángel Márquez                ,mx MEX  ,CC      ,Atlas       ,24-157  ,2000       ,17 ,     16 ,1312.0 ,14.6 , 3.0 ,0.21 ,1.0 , 0 , 3 , 0
Henry Martín                 ,mx MEX  ,DL      ,América     ,32-007  ,1992       ,17 ,     14 ,1271.0 ,14.1 , 8.0 ,0.57 ,6.0 , 0 , 0 , 0
Guillermo Martínez Ayala     ,mx MEX  ,DL      ,UNAM        ,29-255  ,1995       ,17 ,     11 , 943.0 ,10.5 , 4.0 ,0.38 ,1.0 , 1 , 2 , 0
Gabriel Martínez             ,mx MEX  ,DF      ,Atlético    ,22-124  ,2002       , 2 ,      0 ,   9.0 , 0.1 , 0.0 ,0.00 ,0.0 , 0 , 0 , 0
Emilio Martínez González     ,mx MEX  ,DF      ,Necaxa      ,21-297  ,2003       ,11 ,     10 , 789.0 , 8.8 , 0.0 ,0.00 ,0.0 , 0 , 0 , 0
Alejandro Mayorga            ,mx MEX  ,DF      ,Necaxa      ,27-180  ,1997       ,15 ,     12 ,1026.0 ,11.4 , 0.0 ,0.00 ,1.0 , 0 , 1 , 0
Alan Medina                  ,mx MEX  ,"CC,DF" ,Querétaro   ,27-098  ,1997       ,14 ,      6 , 547.0 , 6.1 , 0.0 ,0.00 ,2.0 , 0 , 0 , 0
Alan Medina                  ,uy URU  ,"CC,DL" ,León        ,26-229  ,1998       , 4 ,      3 , 220.0 , 2.4 , 0.0 ,0.00 ,0.0 , 0 , 1 , 0
Diego Medina                 ,mx MEX  ,"DL,DF" ,Santos      ,23-258  ,2001       , 7 ,      6 , 475.0 , 5.3 , 0.0 ,0.00 ,0.0 , 0 , 1 , 0
Stefan Medina                ,co COL  ,DF      ,Monterrey   ,32-164  ,1992       ,14 ,     13 ,1158.0 ,12.9 , 0.0 ,0.00 ,1.0 , 0 , 3 , 0
Aaron Mejía Montoya          ,mx MEX  ,"DF,CC" ,Tijuana     ,23-172  ,2001       ,17 ,     11 ,1165.0 ,12.9 , 0.0 ,0.00 ,0.0 , 0 , 1 , 0
Ángel Mena                   ,ec ECU  ,"CC,DL" ,Pachuca     ,36-309  ,1988       , 5 ,      1 , 175.0 , 1.9 , 0.0 ,0.00 ,0.0 , 0 , 1 , 0
Alex Mendez                  ,us USA  ,"DL,CC" ,FC Juárez   ,24-080  ,2000       , 3 ,      0 ,  25.0 , 0.3 , 0.0 ,0.00 ,0.0 , 0 , 0 , 0
Bruno Méndez                 ,uy URU  ,DF      ,Toluca      ,25-076  ,1999       ,10 ,      7 , 682.0 , 7.6 , 0.0 ,0.00 ,0.0 , 0 , 0 , 1
Stiven Mendoza               ,co COL  ,"CC,DL" ,León        ,32-151  ,1992       ,12 ,     11 , 953.0 ,10.6 , 4.0 ,0.38 ,0.0 , 0 , 4 , 1
Jean Meneses                 ,cl CHI  ,DL      ,Toluca      ,31-254  ,1993       , 4 ,      3 , 249.0 , 2.8 , 0.0 ,0.00 ,0.0 , 0 , 0 , 0
Roberto Meraz                ,mx MEX  ,CC      ,Mazatlán    ,25-113  ,1999       ,15 ,     15 ,1269.0 ,14.1 , 0.0 ,0.00 ,1.0 , 0 , 5 , 0
Lucas Merolla                ,ar ARG  ,DF      ,Mazatlán    ,29-151  ,1995       , 7 ,      7 , 478.0 , 5.3 , 0.0 ,0.00 ,0.0 , 0 , 0 , 0
Maximiliano Meza             ,ar ARG  ,"CC,DL" ,Monterrey   ,31-346  ,1992       , 3 ,      3 , 199.0 , 2.2 , 0.0 ,0.00 ,0.0 , 0 , 1 , 0
Andrés Micolta               ,ec ECU  ,DF      ,Pachuca     ,25-172  ,1999       , 4 ,      3 , 292.0 , 3.2 , 0.0 ,0.00 ,0.0 , 0 , 1 , 0
Kevin Mier                   ,co COL  ,PO      ,Cruz Azul   ,24-191  ,2000       ,17 ,     17 ,1530.0 ,17.0 , 0.0 ,0.00 ,0.0 , 0 , 1 , 0
Fernando Monárrez            ,mx MEX  ,"DF,CC" ,Tijuana     ,25-126  ,1999       , 2 ,      0 ,  55.0 , 0.6 , 0.0 ,0.00 ,0.0 , 0 , 1 , 0
Ricardo Monreal              ,mx MEX  ,"DL,CC" ,Necaxa      ,23-289  ,2001       ,17 ,     10 , 796.0 , 8.8 , 1.0 ,0.11 ,0.0 , 0 , 2 , 0
Pablo Monroy                 ,mx MEX  ,DF      ,UNAM        ,22-126  ,2002       , 7 ,      3 , 243.0 , 2.7 , 0.0 ,0.00 ,0.0 , 0 , 2 , 0
Andres Montaño               ,mx MEX  ,"CC,DL" ,Cruz Azul   ,22-187  ,2002       ,15 ,      3 , 381.0 , 4.2 , 0.0 ,0.00 ,0.0 , 0 , 0 , 0
Alán Montes                  ,mx MEX  ,DF      ,Necaxa      ,24-030  ,2000       ,15 ,     13 ,1211.0 ,13.5 , 1.0 ,0.07 ,0.0 , 0 , 6 , 0
Elias Montiel                ,mx MEX  ,CC      ,Pachuca     ,19-049  ,2005       ,13 ,     13 ,1157.0 ,12.9 , 1.0 ,0.08 ,1.0 , 0 , 1 , 0
Adrián Mora                  ,mx MEX  ,DF      ,Atlas       ,27-102  ,1997       ,11 ,      6 , 591.0 , 6.6 , 0.0 ,0.00 ,1.0 , 0 , 1 , 0
Gilberto Mora                ,mx MEX  ,"DL,CC" ,Tijuana     ,16-042  ,2008       ,12 ,      4 , 530.0 , 5.9 , 1.0 ,0.17 ,1.0 , 0 , 1 , 0
Amaury Morales               ,mx MEX  ,"CC,DL" ,Cruz Azul   ,18-358  ,2005       ,10 ,      1 , 191.0 , 2.1 , 1.0 ,0.47 ,0.0 , 0 , 1 , 0
Robert Morales               ,py PAR  ,DL      ,Toluca      ,25-253  ,1999       , 3 ,      1 ,  90.0 , 1.0 , 0.0 ,0.00 ,0.0 , 0 , 0 , 0
Carlos Moreno                ,mx MEX  ,PO      ,Pachuca     ,26-301  ,1998       ,15 ,     15 ,1350.0 ,15.0 , 0.0 ,0.00 ,0.0 , 0 , 3 , 0
Héctor Moreno                ,mx MEX  ,DF      ,Monterrey   ,36-313  ,1988       ,13 ,     10 , 929.0 ,10.3 , 0.0 ,0.00 ,0.0 , 0 , 2 , 0
Iker Moreno                  ,mx MEX  ,DF      ,Atlético    ,21-072  ,2003       , 7 ,      2 , 174.0 , 1.9 , 0.0 ,0.00 ,0.0 , 0 , 0 , 0
Iván Moreno                  ,mx MEX  ,"DF,CC" ,León        ,26-313  ,1998       , 7 ,      6 , 502.0 , 5.6 , 2.0 ,0.36 ,1.0 , 0 , 2 , 0
Omar Moreno                  ,mx MEX  ,CC      ,Mazatlán    ,19-300  ,2005       , 2 ,      0 ,  36.0 , 0.4 , 0.0 ,0.00 ,0.0 , 0 , 0 , 0
Alan Mozo                    ,mx MEX  ,DF      ,Guadalajara ,27-234  ,1997       ,17 ,     16 ,1444.0 ,16.0 , 2.0 ,0.12 ,1.0 , 0 , 1 , 0
Guillermo Muñoz              ,mx MEX  ,CC      ,Santos      ,20-056  ,2004       , 3 ,      0 ,  53.0 , 0.6 , 0.0 ,0.00 ,0.0 , 0 , 0 , 0
Santiago Muñóz               ,mx MEX  ,"DL,CC" ,Santos      ,22-103  ,2002       ,15 ,      7 , 649.0 , 7.2 , 2.0 ,0.28 ,0.0 , 1 , 0 , 0
Jhon Murillo                 ,ve VEN  ,"DL,DF" ,Atlas       ,29-004  ,1995       ,17 ,     13 ,1261.0 ,14.0 , 2.0 ,0.14 ,2.0 , 0 , 1 , 0
Luis Nájera                  ,mx MEX  ,"CC,DL" ,Atlético    ,21-275  ,2003       ,15 ,     11 , 910.0 ,10.1 , 3.0 ,0.30 ,4.0 , 0 , 0 , 0
Gonzalo Nápoli               ,uy URU  ,"CC,DL" ,León        ,24-201  ,2000       , 3 ,      0 ,  10.0 , 0.1 , 0.0 ,0.00 ,0.0 , 0 , 0 , 0
Luis Navarrete               ,mx MEX  ,CC      ,Toluca      ,18-094  ,2006       , 1 ,      0 ,   6.0 , 0.1 , 0.0 ,0.00 ,0.0 , 0 , 0 , 0
Santiago Naveda              ,mx MEX  ,CC      ,Santos      ,23-223  ,2001       ,11 ,     10 , 835.0 , 9.3 , 0.0 ,0.00 ,1.0 , 0 , 2 , 0
Hugo Nervo                   ,ar ARG  ,DF      ,Atlas       ,33-324  ,1991       ,17 ,     17 ,1530.0 ,17.0 , 0.0 ,0.00 ,0.0 , 0 , 1 , 0
Santiago Núñez               ,ar ARG  ,DF      ,Santos      ,24-210  ,2000       , 9 ,      8 , 701.0 , 7.8 , 0.0 ,0.00 ,0.0 , 0 , 3 , 1
Lucas Ocampos                ,ar ARG  ,"DL,CC" ,Monterrey   ,30-137  ,1994       ,10 ,      8 , 736.0 , 8.2 , 1.0 ,0.12 ,4.0 , 1 , 0 , 1
Agustín Oliveros             ,uy URU  ,DF      ,Necaxa      ,26-100  ,1998       ,17 ,     17 ,1530.0 ,17.0 , 0.0 ,0.00 ,1.0 , 0 , 1 , 0
Sebastián Olmedo             ,py PAR  ,DF      ,Puebla      ,23-157  ,2001       , 7 ,      6 , 461.0 , 5.1 , 0.0 ,0.00 ,0.0 , 0 , 3 , 1
Santiago Ormeño              ,pe PER  ,DL      ,Puebla      ,30-295  ,1994       , 9 ,      5 , 482.0 , 5.4 , 2.0 ,0.37 ,1.0 , 1 , 0 , 0
Efraín Orona                 ,mx MEX  ,DF      ,Puebla      ,25-277  ,1999       ,17 ,     14 ,1311.0 ,14.6 , 0.0 ,0.00 ,0.0 , 0 , 1 , 0
Jesús Orozco                 ,mx MEX  ,DF      ,Guadalajara ,22-280  ,2002       ,15 ,     15 ,1269.0 ,14.1 , 0.0 ,0.00 ,0.0 , 0 , 3 , 0
Ralph Orquin                 ,us USA  ,DF      ,FC Juárez   ,21-224  ,2003       ,17 ,     17 ,1406.0 ,15.6 , 0.0 ,0.00 ,4.0 , 0 , 2 , 0
Carlos Orrantía              ,mx MEX  ,DF      ,Toluca      ,33-298  ,1991       , 4 ,      2 , 192.0 , 2.1 , 0.0 ,0.00 ,0.0 , 0 , 0 , 0
Haret Ortega                 ,mx MEX  ,"DF,CC" ,FC Juárez   ,24-190  ,2000       , 9 ,      6 , 625.0 , 6.9 , 1.0 ,0.14 ,0.0 , 0 , 4 , 0
Kevin Ortega                 ,mx MEX  ,CC      ,Atlético    ,22-326  ,2002       , 3 ,      0 ,   8.0 , 0.1 , 0.0 ,0.00 ,0.0 , 0 , 0 , 0
Pablo Ortiz                  ,mx MEX  ,DF      ,Querétaro   ,22-234  ,2002       , 9 ,      5 , 469.0 , 5.2 , 0.0 ,0.00 ,1.0 , 0 , 2 , 0
Youssef Ortiz                ,mx MEX  ,DF      ,León        ,18-020  ,2006       , 1 ,      0 ,   5.0 , 0.1 , 0.0 ,0.00 ,0.0 , 0 , 0 , 0
Juan Pablo Vigón             ,mx MEX  ,CC      ,UANL        ,33-128  ,1991       ,11 ,      1 , 246.0 , 2.7 , 0.0 ,0.00 ,0.0 , 0 , 0 , 0
Jose Pachuca                 ,mx MEX  ,DF      ,Puebla      ,19-124  ,2005       ,11 ,      5 , 506.0 , 5.6 , 0.0 ,0.00 ,0.0 , 0 , 0 , 0
Jonathan Padilla             ,mx MEX  ,"CC,DL" ,Guadalajara ,18-342  ,2005       , 9 ,      3 , 370.0 , 4.1 , 2.0 ,0.49 ,2.0 , 0 , 0 , 0
Agustín Palavecino           ,ar ARG  ,CC      ,Necaxa      ,28-016  ,1996       ,17 ,     17 ,1465.0 ,16.3 , 4.0 ,0.25 ,2.0 , 0 , 3 , 0
José Paradela                ,ar ARG  ,CC      ,Necaxa      ,25-346  ,1998       ,17 ,     17 ,1375.0 ,15.3 , 3.0 ,0.20 ,5.0 , 3 , 3 , 0
Paulinho                     ,pt POR  ,DL      ,Toluca      ,32-016  ,1992       ,17 ,     16 ,1431.0 ,15.9 ,13.0 ,0.82 ,5.0 , 0 , 2 , 0
Pedro Pedraza                ,mx MEX  ,CC      ,Pachuca     ,24-209  ,2000       ,15 ,     11 , 885.0 , 9.8 , 0.0 ,0.00 ,0.0 , 0 , 5 , 0
Federico Pereira             ,uy URU  ,DF      ,Toluca      ,24-275  ,2000       ,10 ,     10 , 900.0 ,10.0 , 1.0 ,0.10 ,0.0 , 0 , 2 , 0
Aldahir Perez                ,mx MEX  ,CC      ,Querétaro   ,20-052  ,2004       , 3 ,      1 ,  92.0 , 1.0 , 0.0 ,0.00 ,0.0 , 0 , 0 , 0
Sebastián Pérez Bouquet      ,mx MEX  ,"CC,DL" ,FC Juárez   ,21-156  ,2003       , 3 ,      0 ,  33.0 , 0.4 , 0.0 ,0.00 ,1.0 , 0 , 0 , 0
Jonathan Pérez               ,mx MEX  ,DF      ,Santos      ,19-029  ,2005       ,10 ,      8 , 714.0 , 7.9 , 1.0 ,0.13 ,0.0 , 0 , 3 , 0
Pavel Pérez                  ,mx MEX  ,"CC,DL" ,Guadalajara ,26-152  ,1998       , 6 ,      1 , 144.0 , 1.6 , 0.0 ,0.00 ,0.0 , 0 , 0 , 0
Jonathan Perlaza             ,ec ECU  ,DF      ,Querétaro   ,27-073  ,1997       , 4 ,      2 , 202.0 , 2.2 , 0.0 ,0.00 ,0.0 , 0 , 0 , 0
Yan Phillipe                 ,br BRA  ,"DL,CC" ,Atlético    ,20-192  ,2004       ,13 ,      6 , 503.0 , 5.6 , 2.0 ,0.36 ,0.0 , 0 , 1 , 0
Cristiano Piccini            ,it ITA  ,DF      ,Atlético    ,32-060  ,1992       , 2 ,      2 , 127.0 , 1.4 , 0.0 ,0.00 ,0.0 , 0 , 0 , 0
Jesús Piñuelas               ,mx MEX  ,CC      ,Toluca      ,26-243  ,1998       , 1 ,      0 ,   1.0 , 0.0 , 0.0 ,0.00 ,0.0 , 0 , 0 , 0
Gonzalo Piovi                ,ar ARG  ,DF      ,Cruz Azul   ,30-078  ,1994       ,15 ,     14 ,1287.0 ,14.3 , 0.0 ,0.00 ,3.0 , 0 , 5 , 1
Guido Pizarro                ,ar ARG  ,"DF,CC" ,UANL        ,34-273  ,1990       ,16 ,     16 ,1440.0 ,16.0 , 1.0 ,0.06 ,0.0 , 0 , 3 , 0
Rodolfo Pizarro              ,mx MEX  ,"CC,DL" ,Mazatlán    ,30-284  ,1994       , 7 ,      4 , 395.0 , 4.4 , 0.0 ,0.00 ,0.0 , 0 , 0 , 0
Osvaldo Rodríguez del Portal ,mx MEX  ,"DF,DL" ,UANL        ,28-076  ,1996       , 3 ,      2 , 127.0 , 1.4 , 0.0 ,0.00 ,0.0 , 0 , 1 , 0
Osvaldo Rodríguez del Portal ,mx MEX  ,"DL,DF" ,León        ,28-076  ,1996       , 2 ,      0 ,  11.0 , 0.1 , 0.0 ,0.00 ,0.0 , 0 , 0 , 0
Ayrton Preciado              ,ec ECU  ,"CC,DF" ,Querétaro   ,30-131  ,1994       , 5 ,      1 , 132.0 , 1.5 , 1.0 ,0.68 ,0.0 , 0 , 2 , 1
Ronaldo Prieto               ,mx MEX  ,DF      ,Santos      ,27-267  ,1997       , 1 ,      1 ,  70.0 , 0.8 , 0.0 ,0.00 ,0.0 , 0 , 1 , 0
Luis Puente                  ,mx MEX  ,DL      ,Pachuca     ,21-286  ,2003       , 2 ,      2 ,  98.0 , 1.1 , 0.0 ,0.00 ,0.0 , 0 , 0 , 0
Ignacio Pussetto             ,ar ARG  ,"CC,DL" ,UNAM        ,28-340  ,1995       ,12 ,      4 , 537.0 , 6.0 , 2.0 ,0.34 ,1.0 , 0 , 0 , 0
Piero Quispe                 ,pe PER  ,CC      ,UNAM        ,23-103  ,2001       ,15 ,     12 ,1115.0 ,12.4 , 2.0 ,0.16 ,1.0 , 0 , 2 , 0
Héctor Ramírez               ,mx MEX  ,DF      ,UNAM        ,20-308  ,2004       , 2 ,      2 , 114.0 , 1.3 , 0.0 ,0.00 ,1.0 , 0 , 0 , 0
Miguel Ramírez               ,us USA  ,DL      ,América     ,22-148  ,2002       , 1 ,      0 ,  22.0 , 0.2 , 0.0 ,0.00 ,0.0 , 0 , 0 , 0
Paulo Ramírez                ,mx MEX  ,CC      ,Atlas       ,22-040  ,2002       , 5 ,      1 , 189.0 , 2.1 , 0.0 ,0.00 ,0.0 , 0 , 0 , 0
José Rangel Aguilar          ,mx MEX  ,PO      ,Guadalajara ,24-274  ,2000       ,17 ,     17 ,1530.0 ,17.0 , 0.0 ,0.00 ,0.0 , 0 , 2 , 0
Luis Rey                     ,mx MEX  ,DF      ,Guadalajara ,22-072  ,2002       , 6 ,      4 , 342.0 , 3.8 , 0.0 ,0.00 ,0.0 , 0 , 1 , 0
Cristian Reyes               ,mx MEX  ,"CC,DL" ,Monterrey   ,18-229  ,2006       , 2 ,      0 ,  20.0 , 0.2 , 0.0 ,0.00 ,0.0 , 0 , 0 , 0
Diego Reyes                  ,mx MEX  ,CC      ,América     ,17-083  ,2007       , 2 ,      0 ,   3.0 , 0.0 , 0.0 ,0.00 ,0.0 , 0 , 1 , 0
Diego Reyes                  ,mx MEX  ,DF      ,UANL        ,32-067  ,1992       ,14 ,      9 , 889.0 , 9.9 , 0.0 ,0.00 ,0.0 , 0 , 2 , 0
Israel Reyes                 ,mx MEX  ,DF      ,América     ,24-186  ,2000       ,13 ,     10 , 955.0 ,10.6 , 1.0 ,0.09 ,0.0 , 0 , 2 , 0
Salvador Reyes               ,mx MEX  ,DF      ,León        ,26-205  ,1998       ,17 ,     17 ,1495.0 ,16.6 , 0.0 ,0.00 ,1.0 , 0 , 2 , 0
Emanuel Reynoso              ,ar ARG  ,"CC,DL" ,Tijuana     ,29-009  ,1995       ,14 ,     10 , 821.0 , 9.1 , 1.0 ,0.11 ,3.0 , 0 , 3 , 0
Luis Ricardo Reyes           ,mx MEX  ,DF      ,Atlas       ,33-236  ,1991       ,17 ,     15 ,1374.0 ,15.3 , 1.0 ,0.07 ,1.0 , 0 , 2 , 0
Ángel Rico                   ,mx MEX  ,CC      ,UNAM        ,19-318  ,2005       ,12 ,      8 , 578.0 , 6.4 , 1.0 ,0.16 ,0.0 , 0 , 1 , 0
Martín Río                   ,ar ARG  ,"CC,DF" ,Querétaro   ,23-256  ,2001       ,11 ,      7 , 659.0 , 7.3 , 0.0 ,0.00 ,0.0 , 0 , 2 , 0
Víctor Ríos                  ,mx MEX  ,CC      ,Atlas       ,20-288  ,2004       ,11 ,      5 , 474.0 , 5.3 , 1.0 ,0.19 ,0.0 , 0 , 1 , 0
Jesús Rivas                  ,mx MEX  ,DF      ,UNAM        ,22-027  ,2002       , 3 ,      1 , 141.0 , 1.6 , 0.0 ,0.00 ,1.0 , 0 , 0 , 0
Ulises Rivas                 ,mx MEX  ,"CC,DF" ,UNAM        ,28-305  ,1996       ,15 ,      8 , 653.0 , 7.3 , 1.0 ,0.14 ,0.0 , 0 , 2 , 0
Christian Rivera             ,co COL  ,CC      ,Tijuana     ,28-316  ,1996       ,16 ,     13 ,1175.0 ,13.1 , 5.0 ,0.38 ,0.0 , 4 , 0 , 0
Ignacio Rivero               ,uy URU  ,"CC,DF" ,Cruz Azul   ,32-229  ,1992       ,16 ,     11 , 975.0 ,10.8 , 5.0 ,0.46 ,2.0 , 0 , 4 , 0
Ángel Robles                 ,mx MEX  ,"CC,DL" ,Puebla      ,23-007  ,2001       , 5 ,      1 ,  84.0 , 0.9 , 0.0 ,0.00 ,0.0 , 0 , 0 , 0
Juan Robles                  ,mx MEX  ,"CC,DF" ,Querétaro   ,21-068  ,2003       ,10 ,      4 , 489.0 , 5.4 , 1.0 ,0.18 ,0.0 , 0 , 1 , 0
Aldo Rocha                   ,mx MEX  ,CC      ,Atlas       ,32-019  ,1992       ,16 ,     16 ,1268.0 ,14.1 , 1.0 ,0.07 ,0.0 , 0 , 2 , 0
Brian Rodríguez              ,uy URU  ,"DL,CC" ,América     ,24-189  ,2000       ,11 ,      8 , 791.0 , 8.8 , 4.0 ,0.46 ,3.0 , 0 , 0 , 0
Charly Rodríguez             ,mx MEX  ,CC      ,Cruz Azul   ,27-327  ,1997       ,17 ,     15 ,1310.0 ,14.6 , 0.0 ,0.00 ,6.0 , 0 , 2 , 0
David Rodriguez              ,us USA  ,CC      ,Atlético    ,22-204  ,2002       , 2 ,      0 ,  22.0 , 0.2 , 0.0 ,0.00 ,0.0 , 0 , 0 , 0
Jesús Rodríguez              ,mx MEX  ,PO      ,Puebla      ,31-188  ,1993       , 4 ,      4 , 360.0 , 4.0 , 0.0 ,0.00 ,0.0 , 0 , 0 , 0
Jorge Rodríguez              ,mx MEX  ,"DF,CC" ,Puebla      ,23-083  ,2001       , 4 ,      2 , 193.0 , 2.1 , 0.0 ,0.00 ,0.0 , 0 , 2 , 0
Lucas Rodríguez              ,ar ARG  ,CC      ,Querétaro   ,27-212  ,1997       ,16 ,     12 ,1044.0 ,11.6 , 1.0 ,0.09 ,1.0 , 0 , 1 , 0
Michell Rodríguez            ,mx MEX  ,"DL,DF" ,UNAM        ,24-107  ,2000       , 4 ,      0 ,  68.0 , 0.8 , 0.0 ,0.00 ,0.0 , 0 , 0 , 0
Salvador Rodríguez           ,mx MEX  ,"DF,DL" ,Mazatlán    ,23-111  ,2001       , 4 ,      1 , 132.0 , 1.5 , 0.0 ,0.00 ,0.0 , 0 , 1 , 0
Johan Rojas                  ,co COL  ,"CC,DL" ,Monterrey   ,22-066  ,2002       ,12 ,      2 , 437.0 , 4.9 , 2.0 ,0.41 ,1.0 , 0 , 2 , 0
Luis Romo                    ,mx MEX  ,"CC,DF" ,Cruz Azul   ,29-173  ,1995       ,16 ,     12 ,1082.0 ,12.0 , 0.0 ,0.00 ,4.0 , 0 , 2 , 0
Salomón Rondón               ,ve VEN  ,DL      ,Pachuca     ,35-070  ,1989       ,13 ,     10 , 919.0 ,10.2 , 5.0 ,0.49 ,2.0 , 0 , 1 , 1
Bryan Roque                  ,mx MEX  ,"CC,DL" ,Necaxa      ,20-035  ,2004       , 2 ,      0 ,  11.0 , 0.1 , 0.0 ,0.00 ,0.0 , 0 , 1 , 0
Kevin Rosero                 ,co COL  ,"DL,CC" ,Necaxa      ,25-358  ,1998       ,14 ,      2 , 333.0 , 3.7 , 1.0 ,0.27 ,0.0 , 0 , 1 , 0
Franco Rossano               ,mx MEX  ,DF      ,América     ,19-121  ,2005       , 2 ,      0 ,   9.0 , 0.1 , 0.0 ,0.00 ,0.0 , 0 , 0 , 0
Carlos Rotondi               ,ar ARG  ,"DF,DL" ,Cruz Azul   ,27-258  ,1997       ,17 ,     17 ,1368.0 ,15.2 , 7.0 ,0.46 ,4.0 , 4 , 2 , 0
Fernando Rubén González      ,mx MEX  ,CC      ,Guadalajara ,30-303  ,1994       ,15 ,     15 ,1264.0 ,14.0 , 0.0 ,0.00 ,0.0 , 0 , 4 , 0
Rubio Rubin                  ,gt GUA  ,"DL,CC" ,Querétaro   ,28-269  ,1996       ,10 ,      4 , 423.0 , 4.7 , 3.0 ,0.64 ,0.0 , 0 , 0 , 0
Brian Rubio                  ,mx MEX  ,DL      ,Mazatlán    ,28-016  ,1996       ,16 ,      9 , 865.0 , 9.6 , 3.0 ,0.31 ,0.0 , 0 , 3 , 0
Marcel Ruiz                  ,mx MEX  ,CC      ,Toluca      ,24-030  ,2000       ,16 ,     16 ,1298.0 ,14.4 , 1.0 ,0.07 ,1.0 , 0 , 6 , 0
Franco Russo                 ,ar ARG  ,DF      ,Querétaro   ,30-031  ,1994       ,13 ,     13 ,1169.0 ,13.0 , 1.0 ,0.08 ,0.0 , 0 , 1 , 1
Jorge Ruvalcaba              ,mx MEX  ,"CC,DF" ,UNAM        ,23-125  ,2001       ,13 ,     10 , 798.0 , 8.9 , 2.0 ,0.23 ,1.0 , 0 , 1 , 0
Patricio Salas               ,mx MEX  ,DL      ,América     ,20-282  ,2004       , 1 ,      0 ,   4.0 , 0.0 , 0.0 ,0.00 ,0.0 , 0 , 0 , 0
Carlos Salcedo               ,mx MEX  ,DF      ,FC Juárez   ,31-057  ,1993       ,12 ,     12 ,1059.0 ,11.8 , 1.0 ,0.08 ,1.0 , 0 , 4 , 1
José Saldívar                ,mx MEX  ,CC      ,Pachuca     ,21-240  ,2003       , 1 ,      0 ,   5.0 , 0.1 , 0.0 ,0.00 ,0.0 , 0 , 0 , 0
Sebastien Salles-Lamonge     ,fr FRA  ,"CC,DL" ,Atlético    ,28-302  ,1996       ,17 ,     15 ,1262.0 ,14.0 , 5.0 ,0.36 ,1.0 , 2 , 0 , 0
Juan Sanabria                ,uy URU  ,"DF,CC" ,Atlético    ,24-241  ,2000       ,16 ,     15 ,1355.0 ,15.1 , 1.0 ,0.07 ,1.0 , 0 , 4 , 0
Andrés Sánchez               ,mx MEX  ,PO      ,Atlético    ,27-053  ,1997       ,16 ,     16 ,1440.0 ,16.0 , 0.0 ,0.00 ,0.0 , 0 , 3 , 0
Carlos Sánchez               ,mx MEX  ,DF      ,Pachuca     ,22-226  ,2002       ,11 ,      6 , 538.0 , 6.0 , 1.0 ,0.17 ,2.0 , 0 , 1 , 0
Diego Sánchez                ,mx MEX  ,DL      ,UANL        ,19-227  ,2005       , 5 ,      4 , 221.0 , 2.5 , 0.0 ,0.00 ,1.0 , 0 , 0 , 0
Erick Sánchez                ,mx MEX  ,"CC,DL" ,América     ,25-059  ,1999       ,14 ,      8 , 815.0 , 9.1 , 0.0 ,0.00 ,0.0 , 0 , 0 , 0
Jesús Sánchez García         ,mx MEX  ,DF      ,Guadalajara ,35-086  ,1989       , 1 ,      0 ,  15.0 , 0.2 , 0.0 ,0.00 ,0.0 , 0 , 0 , 0
Luis Sánchez                 ,mx MEX  ,DF      ,Mazatlán    ,24-206  ,2000       ,16 ,     14 ,1272.0 ,14.1 , 2.0 ,0.14 ,0.0 , 0 , 1 , 0
Richard Sánchez              ,py PAR  ,"CC,DF" ,América     ,28-241  ,1996       ,10 ,      8 , 616.0 , 6.8 , 0.0 ,0.00 ,1.0 , 0 , 0 , 1
Raúl Sandoval                ,mx MEX  ,"DF,DL" ,Necaxa      ,24-312  ,2000       , 6 ,      0 ,  63.0 , 0.7 , 0.0 ,0.00 ,0.0 , 0 , 0 , 0
Anderson Santamaría          ,pe PER  ,DF      ,Santos      ,32-320  ,1992       ,12 ,     10 , 956.0 ,10.6 , 0.0 ,0.00 ,1.0 , 0 , 5 , 1
José Santiago Hernández      ,mx MEX  ,PO      ,Atlas       ,27-208  ,1997       , 3 ,      3 , 270.0 , 3.0 , 0.0 ,0.00 ,0.0 , 0 , 0 , 0
Emilio Santillán             ,mx MEX  ,DF      ,Santos      ,21-078  ,2003       , 1 ,      1 ,  74.0 , 0.8 , 0.0 ,0.00 ,0.0 , 0 , 0 , 0
Sebastian Santos             ,mx MEX  ,"DF,CC" ,León        ,21-309  ,2003       , 8 ,      7 , 633.0 , 7.0 , 0.0 ,0.00 ,0.0 , 0 , 0 , 0
Francisco Sebastián Córdova  ,mx MEX  ,"DL,CC" ,UANL        ,27-166  ,1997       ,16 ,     12 , 908.0 ,10.1 , 1.0 ,0.10 ,4.0 , 0 , 2 , 0
Ángel Sepúlveda              ,mx MEX  ,DL      ,Cruz Azul   ,33-284  ,1991       ,17 ,      8 , 840.0 , 9.3 , 9.0 ,0.96 ,0.0 , 0 , 2 , 0
Gilberto Sepúlveda           ,mx MEX  ,DF      ,Guadalajara ,25-295  ,1999       , 8 ,      8 , 698.0 , 7.8 , 1.0 ,0.13 ,0.0 , 0 , 2 , 0
Leonardo Sepulveda           ,us USA  ,"DL,DF" ,Guadalajara ,23-160  ,2001       , 3 ,      0 ,  21.0 , 0.2 , 0.0 ,0.00 ,0.0 , 0 , 0 , 0
Jesús Serrato                ,mx MEX  ,CC      ,Atlas       ,18-340  ,2005       , 2 ,      2 , 143.0 , 1.6 , 0.0 ,0.00 ,0.0 , 0 , 0 , 0
Jordan Sierra                ,ec ECU  ,CC      ,Mazatlán    ,27-216  ,1997       ,16 ,     11 , 971.0 ,10.8 , 0.0 ,0.00 ,1.0 , 0 , 0 , 0
Nathan Silva                 ,br BRA  ,DF      ,UNAM        ,27-203  ,1997       ,16 ,     16 ,1440.0 ,16.0 , 0.0 ,0.00 ,0.0 , 0 , 4 , 0
Carlo Soldati                ,mx MEX  ,DF      ,Querétaro   ,19-142  ,2005       , 1 ,      0 ,  13.0 , 0.1 , 0.0 ,0.00 ,0.0 , 0 , 0 , 0
Ramiro Sordo                 ,ar ARG  ,"DL,CC" ,Santos      ,24-149  ,2000       ,14 ,     13 ,1056.0 ,11.7 , 1.0 ,0.09 ,3.0 , 0 , 3 , 0
Samuel Sosa                  ,ve VEN  ,DL      ,Querétaro   ,24-344  ,1999       ,13 ,      7 , 638.0 , 7.1 , 1.0 ,0.14 ,1.0 , 0 , 4 , 0
Leonardo Suárez              ,ar ARG  ,"CC,DL" ,UNAM        ,28-240  ,1996       , 4 ,      4 , 250.0 , 2.8 , 0.0 ,0.00 ,1.0 , 0 , 0 , 0
Fernando Tapia               ,mx MEX  ,PO      ,UANL        ,23-161  ,2001       , 3 ,      3 , 270.0 , 3.0 , 0.0 ,0.00 ,0.0 , 0 , 0 , 0
Juan Tejeda                  ,mx MEX  ,DF      ,Santos      ,20-256  ,2004       , 1 ,      0 ,   1.0 , 0.0 , 0.0 ,0.00 ,0.0 , 0 , 0 , 0
Eduardo Tercero              ,mx MEX  ,DF      ,UANL        ,28-203  ,1996       , 1 ,      0 ,  39.0 , 0.4 , 0.0 ,0.00 ,0.0 , 0 , 0 , 0
Iván Tona                    ,mx MEX  ,CC      ,Tijuana     ,24-238  ,2000       ,13 ,     11 , 949.0 ,10.5 , 0.0 ,0.00 ,1.0 , 0 , 3 , 0
Alan Torres                  ,mx MEX  ,CC      ,Mazatlán    ,24-280  ,2000       , 9 ,      8 , 641.0 , 7.1 , 0.0 ,0.00 ,0.0 , 0 , 1 , 0
Jairo Torres                 ,mx MEX  ,"DL,CC" ,FC Juárez   ,24-143  ,2000       ,17 ,     16 ,1407.0 ,15.6 , 2.0 ,0.13 ,2.0 , 0 , 3 , 0
Óliver Torres                ,es ESP  ,"CC,DL" ,Monterrey   ,30-015  ,1994       ,13 ,     12 , 874.0 , 9.7 , 0.0 ,0.00 ,1.0 , 0 , 1 , 0
Román Torres                 ,mx MEX  ,"DF,DL" ,Necaxa      ,19-339  ,2004       , 1 ,      0 ,   6.0 , 0.1 , 0.0 ,0.00 ,0.0 , 0 , 0 , 0
Santiago Trigos              ,mx MEX  ,CC      ,UNAM        ,22-308  ,2002       , 9 ,      0 , 160.0 , 1.8 , 0.0 ,0.00 ,0.0 , 0 , 0 , 0
Ezequiel Unsain              ,ar ARG  ,PO      ,Necaxa      ,29-261  ,1995       ,17 ,     17 ,1530.0 ,17.0 , 0.0 ,0.00 ,0.0 , 0 , 1 , 0
Héctor Uribe                 ,mx MEX  ,DL      ,León        ,20-174  ,2004       , 4 ,      0 ,  44.0 , 0.5 , 0.0 ,0.00 ,0.0 , 0 , 0 , 0
Diego Valdés                 ,cl CHI  ,"CC,DL" ,América     ,30-300  ,1994       ,11 ,      7 , 576.0 , 6.4 , 0.0 ,0.00 ,2.0 , 0 , 0 , 0
Christian Valdivia           ,mx MEX  ,DF      ,Cruz Azul   ,19-066  ,2005       , 1 ,      0 ,  19.0 , 0.2 , 0.0 ,0.00 ,0.0 , 0 , 0 , 0
Diego Valoyes                ,co COL  ,"DL,CC" ,FC Juárez   ,28-064  ,1996       , 9 ,      7 , 578.0 , 6.4 , 1.0 ,0.16 ,1.0 , 0 , 1 , 0
Camilo Vargas                ,co COL  ,PO      ,Atlas       ,35-261  ,1989       ,14 ,     14 ,1260.0 ,14.0 , 0.0 ,0.00 ,0.0 , 0 , 1 , 0
William Vargas               ,ec ECU  ,DF      ,Mazatlán    ,27-166  ,1997       , 4 ,      1 , 163.0 , 1.8 , 0.0 ,0.00 ,0.0 , 0 , 0 , 0
Brandon Vazquez              ,us USA  ,"DL,CC" ,Monterrey   ,26-042  ,1998       ,16 ,      6 , 554.0 , 6.2 , 3.0 ,0.49 ,1.0 , 1 , 0 , 0
Brayton Vázquez              ,mx MEX  ,DF      ,Querétaro   ,26-204  ,1998       , 4 ,      4 , 293.0 , 3.3 , 0.0 ,0.00 ,0.0 , 0 , 0 , 0
Miguel Vázquez               ,mx MEX  ,DF      ,América     ,20-292  ,2004       , 7 ,      5 , 477.0 , 5.3 , 0.0 ,0.00 ,0.0 , 0 , 1 , 0
Alexis Vega                  ,mx MEX  ,"DL,CC" ,Toluca      ,27-000  ,1997       ,17 ,     14 ,1166.0 ,13.0 , 3.0 ,0.23 ,3.0 , 1 , 2 , 0
Jesús Vega                   ,mx MEX  ,"DL,CC" ,Tijuana     ,24-252  ,2000       , 5 ,      2 , 204.0 , 2.3 , 0.0 ,0.00 ,3.0 , 0 , 0 , 0
Sebastián Vegas              ,cl CHI  ,DF      ,Monterrey   ,27-357  ,1996       ,10 ,      7 , 629.0 , 7.0 , 0.0 ,0.00 ,1.0 , 0 , 2 , 1
Kevin Velasco                ,co COL  ,CC      ,Puebla      ,27-209  ,1997       , 6 ,      3 , 221.0 , 2.5 , 0.0 ,0.00 ,0.0 , 0 , 0 , 0
Jesús Venegas                ,mx MEX  ,"CC,DL" ,FC Juárez   ,29-240  ,1995       ,10 ,      4 , 374.0 , 4.2 , 1.0 ,0.24 ,1.0 , 0 , 1 , 0
Jonatan Villal               ,us USA  ,"CC,DL" ,Atlético    ,19-324  ,2005       , 2 ,      0 ,   3.0 , 0.0 , 0.0 ,0.00 ,0.0 , 0 , 0 , 0
Fran Villalba                ,es ESP  ,"DL,CC" ,Santos      ,26-198  ,1998       ,12 ,      7 , 535.0 , 5.9 , 1.0 ,0.17 ,0.0 , 0 , 0 , 0
Dieter Villalpando           ,mx MEX  ,"CC,DL" ,FC Juárez   ,33-113  ,1991       ,17 ,     13 ,1121.0 ,12.5 , 0.0 ,0.00 ,0.0 , 0 , 3 , 0
Isaías Violante              ,mx MEX  ,"DL,CC" ,Toluca      ,21-036  ,2003       ,13 ,     10 , 793.0 , 8.8 , 4.0 ,0.45 ,3.0 , 0 , 3 , 0
Vitinho                      ,br BRA  ,"DL,CC" ,Atlético    ,23-216  ,2001       , 7 ,      3 , 309.0 , 3.4 , 1.0 ,0.29 ,0.0 , 0 , 1 , 0
Tiago Volpi                  ,br BRA  ,PO      ,Toluca      ,33-342  ,1990       ,17 ,     17 ,1530.0 ,17.0 , 0.0 ,0.00 ,0.0 , 0 , 1 , 0
Facundo Waller               ,uy URU  ,CC      ,Puebla      ,27-230  ,1997       ,12 ,      6 , 622.0 , 6.9 , 0.0 ,0.00 ,1.0 , 0 , 2 , 0
Teun Wilke                   ,mx MEX  ,DL      ,Guadalajara ,22-256  ,2002       , 2 ,      1 , 122.0 , 1.4 , 0.0 ,0.00 ,0.0 , 0 , 0 , 0
Édgar Yoel Bárcenas          ,pa PAN  ,"CC,DL" ,Mazatlán    ,31-033  ,1993       ,16 ,     15 ,1338.0 ,14.9 , 0.0 ,0.00 ,2.0 , 0 , 2 , 0
Ángel Zaldívar               ,mx MEX  ,DL      ,FC Juárez   ,30-291  ,1994       ,11 ,      6 , 495.0 , 5.5 , 3.0 ,0.55 ,0.0 , 0 , 1 , 0
Edgar Zaldívar               ,mx MEX  ,DF      ,Atlas       ,28-039  ,1996       ,16 ,     13 ,1003.0 ,11.1 , 1.0 ,0.09 ,0.0 , 0 , 1 , 0
Alejandro Zendejas           ,us USA  ,"DL,CC" ,América     ,26-292  ,1998       ,12 ,     10 , 843.0 , 9.4 , 2.0 ,0.21 ,2.0 , 0 , 2 , 0
José Zúñiga                  ,co COL  ,"DL,CC" ,Tijuana     ,30-135  ,1994       ,14 ,      7 , 762.0 , 8.5 , 4.0 ,0.47 ,1.0 , 0 , 3 , 0
Uroš Đurđević                ,me MNE  ,"DL,CC" ,Atlas       ,30-268  ,1994       , 8 ,      1 , 198.0 , 2.2 , 0.0 ,0.00 ,0.0 , 0 , 2 , 0
