Unnamed: 0_level_0,Unnamed: 1_level_0,Unnamed: 2_level_0,Unnamed: 3_level_0,Unnamed: 4_level_0,Unnamed: 5_level_0,Unnamed: 6_level_0,Tiempo Jugado,Tiempo Jugado,Tiempo Jugado,Tiempo Jugado,Rendimiento,Rendimiento,Rendimiento,Rendimiento,Rendimiento,Rendimiento,Rendimiento,Rendimiento,Expectativa,Expectativa,Expectativa,Expectativa,Progresión,Progresión,Progresión,Por 90 Minutos,Por 90 Minutos,Por 90 Minutos,Por 90 Minutos,Por 90 Minutos,Por 90 Minutos,Por 90 Minutos,Por 90 Minutos,Por 90 Minutos,Por 90 Minutos,Unnamed: 36_level_0
RL,Jugador,País,Posc,Equipo,Edad,Nacimiento,PJ,Titular,Mín,90 s,Gls.,Ass,G+A,G-TP,TP,TPint,TA,TR,xG,npxG,xAG,npxG+xAG,PrgC,PrgP,PrgR,Gls.,Ast,G+A,G-TP,G+A-TP,xG,xAG,xG+xAG,npxG,npxG+xAG,Partidos
1,José Abella,mx MEX,DF,FC Juárez,30-292,1994,17,11,1014,11.3,0,1,1,0,0,0,3,0,0.2,0.2,0.3,0.5,5,34,10,0.00,0.09,0.09,0.00,0.09,0.02,0.03,0.05,0.02,0.05,Partidos
2,Carlos Acevedo,mx MEX,PO,Santos,28-223,1996,16,16,1440,16.0,0,0,0,0,0,0,1,0,0.0,0.0,0.0,0.0,0,0,0,0.00,0.00,0.00,0.00,0.00,0.00,0.00,0.00,0.00,0.00,Partidos
3,Daniel Aceves,mx MEX,DF,Pachuca,23-245,2001,4,2,228,2.5,0,0,0,0,0,0,1,0,0.3,0.3,0.1,0.4,2,12,6,0.00,0.00,0.00,0.00,0.00,0.11,0.03,0.14,0.11,0.14,Partidos
4,Sergio Aguayo,us USA,DL,Pachuca,22-004,2002,6,0,162,1.8,1,0,1,1,0,0,1,0,0.6,0.6,0.5,1.1,2,3,10,0.56,0.00,0.56,0.56,0.56,0.36,0.25,0.61,0.36,0.61,Partidos
5,Eduardo Águila,mx MEX,DF,Atlético,22-195,2002,15,14,1261,14.0,0,0,0,0,0,0,1,0,0.3,0.3,0.0,0.3,7,29,1,0.00,0.00,0.00,0.00,0.00,0.02,0.00,0.02,0.02,0.02,Partidos
6,Eduardo Aguirre,mx MEX,DL,Atlas,26-117,1998,17,15,1234,13.7,4,0,4,4,0,0,2,0,3.6,3.6,0.4,4.0,11,9,48,0.29,0.00,0.29,0.29,0.29,0.27,0.03,0.29,0.27,0.29,Partidos
7,Érick Aguirre,mx MEX,DF,Monterrey,27-279,1997,7,7,493,5.5,0,1,1,0,0,0,0,0,0.0,0.0,0.9,0.9,13,16,32,0.00,0.18,0.18,0.00,0.18,0.00,0.16,0.17,0.00,0.17,Partidos
8,Gaddi Aguirre,mx MEX,DF,Atlas,28-242,1996,11,3,316,3.5,0,0,0,0,0,0,4,1,0.2,0.2,0.0,0.2,2,8,5,0.00,0.00,0.00,0.00,0.00,0.05,0.00,0.05,0.05,0.05,Partidos
9,Rodrigo Aguirre,uy URU,"DL,CC",América,30-058,1994,11,6,592,6.6,5,1,6,5,0,0,6,0,2.2,2.2,0.5,2.7,9,10,30,0.76,0.15,0.91,0.76,0.91,0.33,0.08,0.41,0.33,0.41,Partidos
10,Jorge Agustín Rodríguez,ar ARG,"CC,DF",Monterrey,29-074,1995,12,12,1035,11.5,0,0,0,0,0,0,3,0,0.1,0.1,0.2,0.3,3,69,5,0.00,0.00,0.00,0.00,0.00,0.01,0.02,0.03,0.01,0.03,Partidos
11,Arnaud Ake,ci CIV,DL,Querétaro,26-241,1998,5,3,234,2.6,0,0,0,0,0,0,0,0,0.1,0.1,0.2,0.3,4,3,21,0.00,0.00,0.00,0.00,0.00,0.05,0.07,0.12,0.05,0.12,Partidos
12,Jesús Alberto Angulo,mx MEX,DF,UANL,26-303,1998,16,14,1225,13.6,0,3,3,0,0,0,5,0,0.1,0.1,0.8,1.0,15,80,22,0.00,0.22,0.22,0.00,0.22,0.01,0.06,0.07,0.01,0.07,Partidos
13,Gil Alcalá,mx MEX,PO,UNAM,32-122,1992,4,4,360,4.0,0,0,0,0,0,0,0,0,0.0,0.0,0.0,0.0,0,0,0,0.00,0.00,0.00,0.00,0.00,0.00,0.00,0.00,0.00,0.00,Partidos
14,Jesús Alcantar,mx MEX,DF,Necaxa,21-121,2003,6,4,392,4.4,0,0,0,0,0,0,1,0,0.0,0.0,0.0,0.1,1,7,0,0.00,0.00,0.00,0.00,0.00,0.00,0.01,0.01,0.00,0.01,Partidos
15,Jordy Alcivar,ec ECU,"CC,DL",León,25-115,1999,10,5,395,4.4,0,0,0,0,0,0,0,0,0.5,0.5,0.2,0.7,5,17,7,0.00,0.00,0.00,0.00,0.00,0.12,0.05,0.16,0.12,0.16,Partidos
16,AlessandroTagle,mx MEX,DF,Monterrey,19-152,2005,1,1,61,0.7,0,0,0,0,0,0,0,0,0.0,0.0,0.2,0.2,0,1,3,0.00,0.00,0.00,0.00,0.00,0.00,0.24,0.24,0.00,0.24,Partidos
17,Luis Alfonso Rodríguez,mx MEX,DF,Pachuca,33-312,1991,13,8,755,8.4,0,0,0,0,0,0,1,0,0.2,0.2,0.1,0.3,16,59,22,0.00,0.00,0.00,0.00,0.00,0.02,0.01,0.03,0.02,0.03,Partidos
18,Guillermo Allison,mx MEX,PO,Querétaro,34-064,1990,17,17,1530,17.0,0,0,0,0,0,0,2,0,0.0,0.0,0.0,0.0,0,0,0,0.00,0.00,0.00,0.00,0.00,0.00,0.00,0.00,0.00,0.00,Partidos
19,Facundo Almada,ar ARG,DF,Mazatlán,26-141,1998,9,6,564,6.3,0,0,0,0,0,0,1,0,0.2,0.2,0.1,0.3,2,15,1,0.00,0.00,0.00,0.00,0.00,0.03,0.01,0.04,0.03,0.04,Partidos
20,Carlos Alonso Vargas,mx MEX,"DL,CC",Cruz Azul,25-288,1999,3,0,17,0.2,0,0,0,0,0,0,0,0,0.0,0.0,0.0,0.0,0,2,0,0.00,0.00,0.00,0.00,0.00,0.00,0.00,0.00,0.00,0.00,Partidos
21,Alfonso Alvarado,mx MEX,"DL,CC",León,24-260,2000,16,8,758,8.4,3,2,5,3,0,0,1,0,1.9,1.9,1.1,3.0,9,12,33,0.36,0.24,0.59,0.36,0.59,0.23,0.13,0.36,0.23,0.36,Partidos
22,Roberto Alvarado,mx MEX,"CC,DL",Guadalajara,26-082,1998,13,13,1031,11.5,5,4,9,3,2,2,2,0,2.8,1.3,2.7,4.0,34,52,80,0.44,0.35,0.79,0.26,0.61,0.25,0.24,0.48,0.11,0.35,Partidos
23,Ventura Alvarado,us USA,DF,Mazatlán,32-104,1992,5,5,392,4.4,0,0,0,0,0,0,0,0,0.0,0.0,0.0,0.0,0,6,0,0.00,0.00,0.00,0.00,0.00,0.00,0.00,0.00,0.00,0.00,Partidos
24,Antonio Álvarez,mx MEX,"CC,DF",América,20-338,2003,2,0,11,0.1,0,0,0,0,0,0,0,0,0.0,0.0,0.0,0.0,1,1,4,0.00,0.00,0.00,0.00,0.00,0.00,0.00,0.00,0.00,0.00,Partidos
25,Daniel Álvarez,mx MEX,"CC,DL",Puebla,30-129,1994,13,6,527,5.9,0,0,0,0,0,0,1,0,0.9,0.9,0.6,1.5,19,16,40,0.00,0.00,0.00,0.00,0.00,0.15,0.10,0.25,0.15,0.25,Partidos
RL,Jugador,País,Posc,Equipo,Edad,Nacimiento,PJ,Titular,Mín,90 s,Gls.,Ass,G+A,G-TP,TP,TPint,TA,TR,xG,npxG,xAG,npxG+xAG,PrgC,PrgP,PrgR,Gls.,Ast,G+A,G-TP,G+A-TP,xG,xAG,xG+xAG,npxG,npxG+xAG,Partidos
26,Efrain Alvarez,mx MEX,"DL,CC",Tijuana,22-162,2002,16,14,1220,13.6,3,3,6,3,0,0,0,0,1.6,1.6,3.9,5.6,44,73,139,0.22,0.22,0.44,0.22,0.44,0.12,0.29,0.41,0.12,0.41,Partidos
27,Gael Álvarez,mx MEX,DL,Pachuca,18-264,2006,5,2,227,2.5,0,0,0,0,0,0,0,0,0.2,0.2,0.1,0.3,12,7,22,0.00,0.00,0.00,0.00,0.00,0.09,0.04,0.13,0.09,0.13,Partidos
28,Jaime Alvarez,mx MEX,"DL,CC",Tijuana,21-282,2003,11,2,339,3.8,1,0,1,1,0,0,0,0,0.6,0.6,0.6,1.2,22,6,44,0.27,0.00,0.27,0.27,0.27,0.15,0.17,0.31,0.15,0.31,Partidos
29,Kevin Álvarez,mx MEX,DF,América,25-318,1999,9,6,598,6.6,0,0,0,0,0,0,1,0,0.5,0.5,0.6,1.0,31,16,36,0.00,0.00,0.00,0.00,0.00,0.07,0.09,0.16,0.07,0.16,Partidos
30,Luis Amarilla,py PAR,DL,Mazatlán,29-095,1995,7,5,477,5.3,0,0,0,0,0,1,0,0,2.0,1.2,0.5,1.6,5,4,15,0.00,0.00,0.00,0.00,0.00,0.37,0.09,0.46,0.22,0.31,Partidos
31,Frankie Amaya,us USA,CC,Toluca,24-063,2000,12,2,335,3.7,0,2,2,0,0,0,1,0,0.1,0.1,1.0,1.1,8,22,12,0.00,0.54,0.54,0.00,0.54,0.04,0.27,0.31,0.04,0.31,Partidos
32,Fidel Ambríz,mx MEX,CC,Monterrey,21-252,2003,11,7,684,7.6,0,0,0,0,0,0,2,0,0.3,0.3,0.0,0.3,5,27,4,0.00,0.00,0.00,0.00,0.00,0.04,0.00,0.04,0.04,0.04,Partidos
33,Fidel Ambríz,mx MEX,CC,León,21-252,2003,5,5,421,4.7,0,0,0,0,0,0,0,0,0.1,0.1,0.0,0.2,9,20,16,0.00,0.00,0.00,0.00,0.00,0.03,0.01,0.03,0.03,0.03,Partidos
34,Bruno Amione,ar ARG,DF,Santos,22-330,2002,10,10,855,9.5,0,0,0,0,0,0,2,0,0.2,0.2,0.1,0.3,12,19,8,0.00,0.00,0.00,0.00,0.00,0.02,0.01,0.03,0.02,0.03,Partidos
35,Esteban Andrada,ar ARG,PO,Monterrey,33-307,1991,16,16,1440,16.0,0,0,0,0,0,0,5,0,0.0,0.0,0.0,0.0,0,0,0,0.00,0.00,0.00,0.00,0.00,0.00,0.00,0.00,0.00,0.00,Partidos
36,Alejandro Andrade,mx MEX,CC,Necaxa,23-104,2001,4,2,186,2.1,0,0,0,0,0,0,0,0,0.0,0.0,0.0,0.1,0,8,1,0.00,0.00,0.00,0.00,0.00,0.02,0.01,0.03,0.02,0.03,Partidos
37,Luis Ángel Malagón,mx MEX,PO,América,27-271,1997,16,16,1440,16.0,0,0,0,0,0,0,1,0,0.0,0.0,0.0,0.0,0,0,0,0.00,0.00,0.00,0.00,0.00,0.00,0.00,0.00,0.00,0.00,Partidos
38,Brayan Angulo,co COL,DF,Puebla,35-026,1989,17,16,1432,15.9,0,2,2,0,0,0,1,0,0.5,0.5,0.6,1.1,28,69,42,0.00,0.13,0.13,0.00,0.13,0.03,0.04,0.07,0.03,0.07,Partidos
39,Jesús Angulo,mx MEX,"CC,DL",Toluca,27-282,1997,15,11,839,9.3,5,3,8,5,0,0,0,0,2.5,2.5,2.6,5.1,23,53,40,0.54,0.32,0.86,0.54,0.86,0.27,0.28,0.55,0.27,0.55,Partidos
40,José Antonio Rodríguez,mx MEX,PO,Tijuana,32-147,1992,10,10,890,9.9,0,0,0,0,0,0,0,0,0.0,0.0,0.0,0.0,0,0,0,0.00,0.00,0.00,0.00,0.00,0.00,0.00,0.00,0.00,0.00,Partidos
41,Uriel Antuna,mx MEX,"DL,CC",Cruz Azul,27-099,1997,5,2,231,2.6,0,0,0,0,0,0,0,0,1.2,1.2,0.3,1.5,3,9,33,0.00,0.00,0.00,0.00,0.00,0.48,0.12,0.60,0.48,0.60,Partidos
42,Uriel Antuna,mx MEX,DL,UANL,27-099,1997,10,4,405,4.5,0,1,1,0,0,0,1,0,0.9,0.9,1.1,2.0,18,20,59,0.00,0.22,0.22,0.00,0.22,0.20,0.24,0.44,0.20,0.44,Partidos
43,Javier Aquino,mx MEX,DF,UANL,34-291,1990,16,15,1366,15.2,0,0,0,0,0,0,4,1,0.1,0.1,1.0,1.1,32,109,70,0.00,0.00,0.00,0.00,0.00,0.01,0.07,0.08,0.01,0.08,Partidos
44,Pedro Aquino,pe PER,CC,Santos,29-229,1995,7,5,396,4.4,0,0,0,0,0,0,4,0,0.1,0.1,0.0,0.1,0,18,0,0.00,0.00,0.00,0.00,0.00,0.02,0.01,0.03,0.02,0.03,Partidos
45,Diego Araujo,mx MEX,CC,Querétaro,21-284,2003,2,1,108,1.2,0,0,0,0,0,0,0,0,0.0,0.0,0.0,0.0,2,3,0,0.00,0.00,0.00,0.00,0.00,0.01,0.00,0.01,0.01,0.01,Partidos
46,Maximiliano Araújo,uy URU,DL,Toluca,24-287,2000,2,1,103,1.1,1,0,1,1,0,0,1,0,0.5,0.5,0.1,0.6,2,2,8,0.87,0.00,0.87,0.87,0.87,0.46,0.06,0.52,0.46,0.52,Partidos
47,Néstor Araujo,mx MEX,DF,América,33-091,1991,13,12,1029,11.4,0,2,2,0,0,0,1,0,0.4,0.4,1.0,1.4,3,20,0,0.00,0.17,0.17,0.00,0.17,0.04,0.08,0.12,0.04,0.12,Partidos
48,Fernando Arce Jr.,us USA,CC,Necaxa,28-001,1996,15,12,1036,11.5,2,0,2,2,0,0,5,0,1.8,1.8,0.3,2.1,7,32,8,0.17,0.00,0.17,0.17,0.17,0.16,0.03,0.18,0.16,0.18,Partidos
49,Ramiro Árciga,mx MEX,"CC,DL",Mazatlán,20-090,2004,17,11,953,10.6,0,0,0,0,0,0,2,0,1.1,1.1,2.2,3.3,46,41,120,0.00,0.00,0.00,0.00,0.00,0.11,0.21,0.31,0.11,0.31,Partidos
50,Gerardo Arteaga,mx MEX,DF,Monterrey,26-082,1998,13,12,1064,11.8,0,0,0,0,0,0,2,0,0.4,0.4,0.9,1.4,23,52,71,0.00,0.00,0.00,0.00,0.00,0.04,0.08,0.12,0.04,0.12,Partidos
RL,Jugador,País,Posc,Equipo,Edad,Nacimiento,PJ,Titular,Mín,90 s,Gls.,Ass,G+A,G-TP,TP,TPint,TA,TR,xG,npxG,xAG,npxG+xAG,PrgC,PrgP,PrgR,Gls.,Ast,G+A,G-TP,G+A-TP,xG,xAG,xG+xAG,npxG,npxG+xAG,Partidos
51,Víctor Arteaga,mx MEX,CC,Toluca,20-276,2004,15,5,513,5.7,0,1,1,0,0,0,3,1,0.1,0.1,0.1,0.2,4,25,5,0.00,0.18,0.18,0.00,0.18,0.02,0.02,0.04,0.02,0.04,Partidos
52,Ali Ávila,mx MEX,DL,UNAM,21-066,2003,7,0,122,1.4,0,0,0,0,0,0,0,0,0.1,0.1,0.4,0.5,4,10,12,0.00,0.00,0.00,0.00,0.00,0.07,0.32,0.39,0.07,0.39,Partidos
53,Ettson Ayon,mx MEX,DL,León,23-247,2001,7,2,200,2.2,0,0,0,0,0,0,0,0,0.0,0.0,0.1,0.1,3,1,7,0.00,0.00,0.00,0.00,0.00,0.00,0.03,0.03,0.00,0.03,Partidos
54,Tomás Badaloni,ar ARG,DL,Necaxa,24-210,2000,13,3,461,5.1,2,0,2,2,0,0,0,0,2.7,2.7,0.3,3.0,5,9,38,0.39,0.00,0.39,0.39,0.39,0.53,0.06,0.59,0.53,0.59,Partidos
55,Claudio Baeza,cl CHI,"CC,DF",Toluca,30-341,1993,16,12,1016,11.3,0,1,1,0,0,0,4,0,0.2,0.2,0.8,1.1,7,56,8,0.00,0.09,0.09,0.00,0.09,0.02,0.07,0.09,0.02,0.09,Partidos
56,Kevin Balanta,co COL,DF,Tijuana,27-214,1997,9,7,591,6.6,0,0,0,0,0,0,1,0,0.1,0.1,0.0,0.1,6,17,1,0.00,0.00,0.00,0.00,0.00,0.01,0.00,0.02,0.01,0.02,Partidos
57,Fidel Barajas,mx MEX,"CC,DL",Guadalajara,18-237,2006,5,0,87,1.0,0,0,0,0,0,0,0,0,0.1,0.1,0.0,0.1,5,1,23,0.00,0.00,0.00,0.00,0.00,0.12,0.02,0.14,0.12,0.14,Partidos
58,Víctor Barajas,mx MEX,DF,León,21-260,2003,1,0,2,0.0,0,0,0,0,0,0,0,1,0.0,0.0,0.0,0.0,2,0,3,0.00,0.00,0.00,0.00,0.00,0.00,0.00,0.00,0.00,0.00,Partidos
59,Diego Barbosa,mx MEX,DF,Tijuana,28-064,1996,6,3,239,2.7,0,0,0,0,0,0,0,0,0.0,0.0,0.0,0.0,2,6,7,0.00,0.00,0.00,0.00,0.00,0.00,0.00,0.00,0.00,0.00,Partidos
60,Jaine Barreiro,co COL,DF,León,30-162,1994,17,17,1507,16.7,1,0,1,1,0,0,3,0,0.8,0.8,0.1,0.9,13,56,4,0.06,0.00,0.06,0.06,0.06,0.05,0.01,0.06,0.05,0.06,Partidos
61,Pablo Barrera,mx MEX,"CC,DL",Querétaro,37-160,1987,17,15,1287,14.3,1,0,1,1,0,0,1,0,0.9,0.9,1.0,1.9,27,39,84,0.07,0.00,0.07,0.07,0.07,0.06,0.07,0.13,0.06,0.13,Partidos
62,Sergio Barreto,ar ARG,DF,Pachuca,25-222,1999,15,15,1307,14.5,0,1,1,0,0,0,5,1,0.4,0.4,0.5,0.9,3,26,0,0.00,0.07,0.07,0.00,0.07,0.03,0.03,0.06,0.03,0.06,Partidos
63,Abraham Bass,mx MEX,CC,Atlas,23-111,2001,1,0,10,0.1,0,0,0,0,0,0,0,0,0.0,0.0,0.0,0.0,0,0,1,0.00,0.00,0.00,0.00,0.00,0.00,0.00,0.00,0.00,0.00,Partidos
64,Borja Bastón,es ESP,DL,Pachuca,32-095,1992,7,5,352,3.9,0,0,0,0,0,1,0,0,1.6,0.8,0.1,0.9,1,5,10,0.00,0.00,0.00,0.00,0.00,0.40,0.03,0.43,0.20,0.23,Partidos
65,Alán Bautista,mx MEX,"CC,DL",Pachuca,22-022,2002,10,5,401,4.5,1,0,1,1,0,0,0,0,0.4,0.4,1.0,1.4,8,20,31,0.22,0.00,0.22,0.22,0.22,0.08,0.23,0.31,0.08,0.31,Partidos
66,Paul Bellón,mx MEX,DF,León,27-177,1997,17,17,1530,17.0,0,0,0,0,0,0,4,0,0.6,0.6,0.3,0.8,8,33,1,0.00,0.00,0.00,0.00,0.00,0.03,0.01,0.05,0.03,0.05,Partidos
67,Fernando Beltrán,mx MEX,"CC,DL",Guadalajara,26-204,1998,17,15,1256,14.0,1,1,2,1,0,0,3,0,0.9,0.9,1.7,2.6,46,110,66,0.07,0.07,0.14,0.07,0.14,0.06,0.12,0.18,0.06,0.18,Partidos
68,Nicolás Benedetti,co COL,CC,Mazatlán,27-217,1997,6,2,243,2.7,0,0,0,0,0,0,2,0,0.3,0.3,0.2,0.5,9,17,24,0.00,0.00,0.00,0.00,0.00,0.09,0.09,0.18,0.09,0.18,Partidos
69,Darío Benedetto,ar ARG,DL,Querétaro,34-195,1990,8,4,427,4.7,0,0,0,0,0,0,0,0,1.3,1.3,1.2,2.4,6,13,30,0.00,0.00,0.00,0.00,0.00,0.27,0.25,0.52,0.27,0.52,Partidos
70,Pablo Bennevendo Peña,mx MEX,DF,UNAM,24-330,2000,17,16,1358,15.1,0,0,0,0,0,0,1,0,0.7,0.7,0.3,1.0,14,51,32,0.00,0.00,0.00,0.00,0.00,0.05,0.02,0.07,0.05,0.07,Partidos
71,Jorge Berlanga,mx MEX,DF,Pachuca,21-133,2003,7,6,529,5.9,0,0,0,0,0,0,4,1,0.0,0.0,0.1,0.1,1,15,3,0.00,0.00,0.00,0.00,0.00,0.00,0.02,0.02,0.00,0.02,Partidos
72,Germán Berterame,mx MEX,DL,Monterrey,26-015,1998,15,15,1237,13.7,6,0,6,6,0,0,2,1,5.9,5.8,1.4,7.2,20,26,62,0.44,0.00,0.44,0.44,0.44,0.43,0.10,0.53,0.42,0.52,Partidos
73,Unai Bilbao,es ESP,DF,Tijuana,30-298,1994,15,12,1096,12.2,0,1,1,0,0,0,0,0,0.4,0.4,0.2,0.6,6,41,2,0.00,0.08,0.08,0.00,0.08,0.03,0.02,0.05,0.03,0.05,Partidos
74,Alfonso Blanco Antúnez,mx MEX,PO,León,37-120,1987,17,17,1530,17.0,0,0,0,0,0,0,2,0,0.0,0.0,0.0,0.0,0,0,0,0.00,0.00,0.00,0.00,0.00,0.00,0.00,0.00,0.00,0.00,Partidos
75,Domingo Blanco,ar ARG,"DL,CC",Tijuana,29-220,1995,14,10,887,9.9,3,0,3,3,0,0,2,0,2.1,2.1,0.4,2.6,33,23,84,0.30,0.00,0.30,0.30,0.30,0.21,0.05,0.26,0.21,0.26,Partidos
RL,Jugador,País,Posc,Equipo,Edad,Nacimiento,PJ,Titular,Mín,90 s,Gls.,Ass,G+A,G-TP,TP,TPint,TA,TR,xG,npxG,xAG,npxG+xAG,PrgC,PrgP,PrgR,Gls.,Ast,G+A,G-TP,G+A-TP,xG,xAG,xG+xAG,npxG,npxG+xAG,Partidos
76,Franck Boli,ci CIV,DL,Atlético,30-357,1993,14,9,813,9.0,4,0,4,3,1,1,1,0,5.5,4.7,0.2,4.9,16,12,50,0.44,0.00,0.44,0.33,0.33,0.61,0.03,0.63,0.52,0.54,Partidos
77,Léo Bonatini,br BRA,DL,Atlético,30-245,1994,11,5,462,5.1,2,0,2,1,1,1,0,0,2.4,1.6,0.3,1.8,4,10,26,0.39,0.00,0.39,0.19,0.19,0.46,0.05,0.51,0.31,0.36,Partidos
78,Cristian Borja,co COL,DF,América,31-284,1993,12,8,721,8.0,0,1,1,0,0,0,0,0,0.0,0.0,1.2,1.2,22,28,40,0.00,0.12,0.12,0.00,0.12,0.01,0.15,0.15,0.01,0.15,Partidos
79,Antonio Briseño,mx MEX,DF,Guadalajara,30-297,1994,7,6,541,6.0,0,1,1,0,0,0,2,0,0.2,0.2,0.8,1.0,1,14,0,0.00,0.17,0.17,0.00,0.17,0.03,0.14,0.17,0.03,0.17,Partidos
80,Isaác Brizuela,mx MEX,"CC,DL",Guadalajara,34-092,1990,3,0,48,0.5,0,0,0,0,0,0,0,0,0.1,0.1,0.3,0.5,4,0,8,0.00,0.00,0.00,0.00,0.00,0.27,0.58,0.85,0.27,0.85,Partidos
81,Juan Brunetta,ar ARG,CC,UANL,27-200,1997,15,10,809,9.0,4,2,6,4,0,0,1,1,4.5,4.5,2.1,6.6,39,58,74,0.44,0.22,0.67,0.44,0.67,0.50,0.24,0.74,0.50,0.74,Partidos
82,Gustavo Cabral,ar ARG,DF,Pachuca,39-045,1985,11,11,894,9.9,0,0,0,0,0,0,3,1,0.1,0.1,0.0,0.1,5,36,2,0.00,0.00,0.00,0.00,0.00,0.01,0.00,0.01,0.01,0.01,Partidos
83,Luciano Cabral,cl CHI,"DL,CC",León,29-216,1995,15,13,1071,11.9,1,3,4,1,0,0,3,1,1.0,1.0,1.6,2.7,12,91,57,0.08,0.25,0.34,0.08,0.34,0.09,0.14,0.22,0.09,0.22,Partidos
84,Sebastián Cáceres,uy URU,DF,América,25-102,1999,3,3,142,1.6,0,0,0,0,0,0,0,0,0.0,0.0,0.0,0.0,0,2,1,0.00,0.00,0.00,0.00,0.00,0.00,0.00,0.00,0.00,0.00,Partidos
85,Jhonder Cádiz,ve VEN,DL,León,29-122,1995,15,11,1021,11.3,5,1,6,4,1,2,4,0,6.5,4.9,0.6,5.5,14,14,54,0.44,0.09,0.53,0.35,0.44,0.57,0.06,0.63,0.43,0.49,Partidos
86,José Caicedo,co COL,CC,UNAM,22-189,2002,17,17,1364,15.2,1,1,2,1,0,0,4,0,1.0,1.0,0.6,1.7,9,105,16,0.07,0.07,0.13,0.07,0.13,0.07,0.04,0.11,0.07,0.11,Partidos
87,Cristian Calderón,mx MEX,DF,América,27-188,1997,14,10,874,9.7,0,0,0,0,0,0,3,0,0.2,0.2,0.4,0.6,7,36,50,0.00,0.00,0.00,0.00,0.00,0.02,0.04,0.06,0.02,0.06,Partidos
88,Francisco Calvo,cr CRC,DF,FC Juárez,32-143,1992,3,3,270,3.0,0,0,0,0,0,0,1,0,0.0,0.0,0.1,0.1,1,8,0,0.00,0.00,0.00,0.00,0.00,0.00,0.03,0.03,0.00,0.03,Partidos
89,Raúl Camacho,mx MEX,"DL,DF",Mazatlán,22-254,2002,9,4,307,3.4,2,0,2,2,0,0,2,0,1.4,1.4,0.0,1.4,2,2,9,0.59,0.00,0.59,0.59,0.59,0.42,0.00,0.42,0.42,0.42,Partidos
90,Diber Cambindo,co COL,DL,Necaxa,28-285,1996,16,14,1235,13.7,5,0,5,5,0,0,2,0,4.2,4.2,0.7,4.9,28,10,81,0.36,0.00,0.36,0.36,0.36,0.31,0.05,0.36,0.31,0.36,Partidos
91,Diego Campillo,mx MEX,CC,FC Juárez,23-040,2001,17,15,1251,13.9,1,0,1,1,0,0,4,0,0.5,0.5,0.5,1.0,19,67,24,0.07,0.00,0.07,0.07,0.07,0.04,0.04,0.07,0.04,0.07,Partidos
92,Sergio Canales,es ESP,"CC,DL",Monterrey,33-286,1991,17,17,1504,16.7,8,2,10,6,2,3,3,0,6.2,3.8,2.4,6.2,41,116,83,0.48,0.12,0.60,0.36,0.48,0.37,0.14,0.51,0.23,0.37,Partidos
93,Camilo Cándido,uy URU,"DF,DL",Cruz Azul,29-179,1995,11,1,229,2.5,0,0,0,0,0,0,0,1,1.0,1.0,0.3,1.3,2,10,16,0.00,0.00,0.00,0.00,0.00,0.39,0.10,0.49,0.39,0.49,Partidos
94,Luis Cárdenas,mx MEX,PO,Monterrey,31-074,1993,1,1,90,1.0,0,0,0,0,0,0,0,0,0.0,0.0,0.0,0.0,0,0,0,0.00,0.00,0.00,0.00,0.00,0.00,0.00,0.00,0.00,0.00,Partidos
95,Rafael Carioca,br BRA,CC,UANL,35-163,1989,13,13,1027,11.4,0,0,0,0,0,0,1,0,0.1,0.1,0.5,0.6,5,71,11,0.00,0.00,0.00,0.00,0.00,0.01,0.04,0.05,0.01,0.05,Partidos
96,Héctor Carranza,mx MEX,CC,Santos,20-330,2004,1,0,7,0.1,0,0,0,0,0,0,0,0,0.0,0.0,0.0,0.0,0,0,0,0.00,0.00,0.00,0.00,0.00,0.00,0.00,0.00,0.00,0.00,Partidos
97,Jordan Carrillo,mx MEX,"CC,DL",Santos,22-364,2001,13,9,851,9.5,0,0,0,0,0,0,1,0,0.4,0.4,1.6,2.0,24,40,41,0.00,0.00,0.00,0.00,0.00,0.04,0.17,0.21,0.04,0.21,Partidos
98,Stephano Carrillo,mx MEX,"DL,DF",Santos,18-266,2006,8,1,183,2.0,0,0,0,0,0,0,0,0,0.4,0.4,0.1,0.5,5,2,17,0.00,0.00,0.00,0.00,0.00,0.17,0.07,0.24,0.17,0.24,Partidos
99,Guilherme Carvalho,br BRA,CC,FC Juárez,25-070,1999,12,11,967,10.7,1,2,3,1,0,0,2,0,0.8,0.8,2.2,3.1,21,54,33,0.09,0.19,0.28,0.09,0.28,0.08,0.21,0.28,0.08,0.28,Partidos
100,Kevin Castañeda,mx MEX,"CC,DL",Tijuana,25-031,1999,14,11,896,10.0,3,0,3,2,1,1,2,0,3.0,2.2,1.4,3.6,32,90,65,0.30,0.00,0.30,0.20,0.20,0.30,0.14,0.44,0.22,0.36,Partidos
RL,Jugador,País,Posc,Equipo,Edad,Nacimiento,PJ,Titular,Mín,90 s,Gls.,Ass,G+A,G-TP,TP,TPint,TA,TR,xG,npxG,xAG,npxG+xAG,PrgC,PrgP,PrgR,Gls.,Ast,G+A,G-TP,G+A-TP,xG,xAG,xG+xAG,npxG,npxG+xAG,Partidos
101,Klever Castillo,mx MEX,DL,Toluca,19-108,2005,3,0,70,0.8,0,0,0,0,0,0,0,0,0.1,0.1,0.0,0.1,0,5,2,0.00,0.00,0.00,0.00,0.00,0.15,0.00,0.15,0.15,0.15,Partidos
102,Moises Castillo,co COL,DF,FC Juárez,23-188,2001,10,6,573,6.4,0,0,0,0,0,0,2,0,0.1,0.1,0.0,0.1,5,11,0,0.00,0.00,0.00,0.00,0.00,0.02,0.00,0.02,0.02,0.02,Partidos
103,José Castillo Pérez,mx MEX,DF,Guadalajara,22-362,2001,16,16,1385,15.4,0,1,1,0,0,0,0,0,0.8,0.8,0.7,1.4,18,55,28,0.00,0.06,0.06,0.00,0.06,0.05,0.04,0.09,0.05,0.09,Partidos
104,Raúl Castillo,mx MEX,"CC,DL",Puebla,22-362,2001,15,11,785,8.7,1,0,1,1,0,0,3,0,0.8,0.8,1.2,2.0,14,23,31,0.11,0.00,0.11,0.11,0.11,0.09,0.14,0.23,0.09,0.23,Partidos
105,Manuel Castro,uy URU,"CC,DL",FC Juárez,29-062,1995,1,1,90,1.0,0,0,0,0,0,0,0,0,0.0,0.0,0.1,0.1,1,3,4,0.00,0.00,0.00,0.00,0.00,0.00,0.06,0.06,0.00,0.06,Partidos
106,Lucas Cavallini,ca CAN,DL,Puebla,31-336,1992,4,4,328,3.6,4,0,4,2,2,2,1,0,3.4,1.9,0.4,2.3,2,5,17,1.10,0.00,1.10,0.55,0.55,0.95,0.11,1.06,0.51,0.63,Partidos
107,Alan Cervantes,mx MEX,CC,Santos,26-316,1998,1,1,90,1.0,0,0,0,0,0,0,1,0,0.0,0.0,0.0,0.0,0,5,2,0.00,0.00,0.00,0.00,0.00,0.00,0.00,0.00,0.00,0.00,Partidos
108,Alan Cervantes,mx MEX,CC,América,26-316,1998,12,6,660,7.3,1,0,1,1,0,0,0,0,0.3,0.3,0.4,0.7,8,36,9,0.14,0.00,0.14,0.14,0.14,0.04,0.05,0.09,0.04,0.09,Partidos
109,Luís Cervantes,mx MEX,DF,León,23-293,2001,1,1,33,0.4,0,0,0,0,0,0,0,0,0.0,0.0,0.0,0.0,0,0,2,0.00,0.00,0.00,0.00,0.00,0.00,0.00,0.00,0.00,0.00,Partidos
110,Mateo Chávez,mx MEX,DF,Guadalajara,20-200,2004,12,7,691,7.7,0,2,2,0,0,0,1,0,0.2,0.2,1.0,1.2,24,25,41,0.00,0.26,0.26,0.00,0.26,0.02,0.13,0.15,0.02,0.15,Partidos
111,Ricardo Chávez Soto,mx MEX,DF,Atlético,30-009,1994,17,13,1229,13.7,1,2,3,1,0,0,3,0,1.8,1.8,0.7,2.5,34,54,100,0.07,0.15,0.22,0.07,0.22,0.13,0.05,0.18,0.13,0.18,Partidos
112,Ronaldo Cisneros,mx MEX,"DL,DF",Querétaro,27-325,1997,9,2,318,3.5,2,0,2,2,0,0,0,0,1.1,1.1,0.2,1.3,2,1,17,0.57,0.00,0.57,0.57,0.57,0.31,0.06,0.37,0.31,0.37,Partidos
113,Josué Colmán,py PAR,"CC,DF",Mazatlán,26-126,1998,15,5,552,6.1,2,0,2,2,0,0,0,0,2.2,2.2,1.2,3.4,20,33,41,0.33,0.00,0.33,0.33,0.33,0.36,0.19,0.55,0.36,0.55,Partidos
114,Bryan Colula,mx MEX,"DF,CC",Mazatlán,28-236,1996,16,16,1314,14.6,0,0,0,0,0,0,4,0,1.1,1.1,2.4,3.5,21,88,74,0.00,0.00,0.00,0.00,0.00,0.08,0.16,0.24,0.08,0.24,Partidos
115,Francisco Contreras,mx MEX,"DF,CC",Tijuana,25-166,1999,10,5,482,5.4,0,0,0,0,0,0,0,0,0.1,0.1,0.8,0.9,7,27,13,0.00,0.00,0.00,0.00,0.00,0.03,0.14,0.17,0.03,0.17,Partidos
116,Jesús Corona,mx MEX,"CC,DL",Monterrey,31-327,1993,14,6,586,6.5,1,1,2,1,0,0,1,0,1.3,1.3,1.1,2.4,23,24,91,0.15,0.15,0.31,0.15,0.31,0.20,0.17,0.37,0.20,0.37,Partidos
117,Joe Corona,us USA,CC,Tijuana,34-142,1990,10,8,554,6.2,1,1,2,1,0,0,2,0,1.2,1.2,0.7,1.9,8,38,16,0.16,0.16,0.32,0.16,0.32,0.19,0.11,0.30,0.19,0.30,Partidos
118,José Corona,mx MEX,PO,Tijuana,43-307,1981,8,7,640,7.1,0,0,0,0,0,0,0,0,0.0,0.0,0.0,0.0,0,0,0,0.00,0.00,0.00,0.00,0.00,0.00,0.00,0.00,0.00,0.00,Partidos
119,Rogelio Cortéz Pineda,mx MEX,"DL,CC",Necaxa,20-144,2004,7,0,171,1.9,1,0,1,1,0,0,0,0,1.2,1.2,0.2,1.4,4,10,8,0.53,0.00,0.53,0.53,0.53,0.62,0.12,0.74,0.62,0.74,Partidos
120,Jordi Cortizo,mx MEX,"CC,DL",Monterrey,28-151,1996,13,7,583,6.5,2,1,3,2,0,0,2,0,0.7,0.7,1.2,2.0,13,31,44,0.31,0.15,0.46,0.31,0.46,0.11,0.19,0.30,0.11,0.30,Partidos
121,Rodolfo Cota,mx MEX,PO,América,37-148,1987,1,1,90,1.0,0,0,0,0,0,0,0,0,0.0,0.0,0.0,0.0,0,0,0,0.00,0.00,0.00,0.00,0.00,0.00,0.00,0.00,0.00,0.00,Partidos
122,Cade Cowell,us USA,"CC,DL",Guadalajara,21-045,2003,12,10,831,9.2,5,2,7,5,0,0,0,0,3.3,3.3,1.3,4.7,35,17,112,0.54,0.22,0.76,0.54,0.76,0.36,0.14,0.51,0.36,0.51,Partidos
123,Aldo Cruz,mx MEX,DF,Atlético,27-065,1997,14,13,1147,12.7,0,0,0,0,0,0,1,0,0.1,0.1,0.3,0.4,15,64,18,0.00,0.00,0.00,0.00,0.00,0.01,0.02,0.03,0.01,0.03,Partidos
124,Jürgen Damm,mx MEX,DF,Atlético,32-021,1992,1,0,25,0.3,0,0,0,0,0,0,0,0,0.0,0.0,0.0,0.0,0,2,4,0.00,0.00,0.00,0.00,0.00,0.00,0.06,0.06,0.00,0.06,Partidos
125,José David Ramírez,mx MEX,CC,León,28-350,1995,11,6,607,6.7,0,1,1,0,0,0,1,0,0.2,0.2,0.4,0.6,8,29,7,0.00,0.15,0.15,0.00,0.15,0.04,0.05,0.09,0.04,0.09,Partidos
RL,Jugador,País,Posc,Equipo,Edad,Nacimiento,PJ,Titular,Mín,90 s,Gls.,Ass,G+A,G-TP,TP,TPint,TA,TR,xG,npxG,xAG,npxG+xAG,PrgC,PrgP,PrgR,Gls.,Ast,G+A,G-TP,G+A-TP,xG,xAG,xG+xAG,npxG,npxG+xAG,Partidos
126,Víctor Dávila,cl CHI,"DL,CC",América,27-024,1997,6,3,250,2.8,1,0,1,1,0,0,0,0,0.6,0.6,0.6,1.2,7,11,22,0.36,0.00,0.36,0.36,0.36,0.21,0.23,0.44,0.21,0.44,Partidos
127,Diego De Buen,mx MEX,CC,Puebla,33-148,1991,17,17,1427,15.9,1,0,1,1,0,0,2,0,1.4,1.4,0.2,1.6,6,42,5,0.06,0.00,0.06,0.06,0.06,0.09,0.01,0.10,0.09,0.10,Partidos
128,Sergio De los Ríos,mx MEX,"CC,DF",Pachuca,21-153,2003,5,0,108,1.2,0,0,0,0,0,0,0,0,0.1,0.1,0.1,0.2,5,6,7,0.00,0.00,0.00,0.00,0.00,0.12,0.08,0.20,0.12,0.20,Partidos
129,Gustavo Del Prete,ar ARG,"CC,DL",Mazatlán,28-169,1996,3,3,230,2.6,1,0,1,1,0,0,1,0,1.1,0.3,0.2,0.5,5,17,8,0.39,0.00,0.39,0.39,0.39,0.42,0.09,0.51,0.11,0.20,Partidos
130,Everardo Del Villar,mx MEX,DF,Toluca,19-250,2005,3,2,213,2.4,0,0,0,0,0,0,0,0,0.0,0.0,0.0,0.0,2,4,0,0.00,0.00,0.00,0.00,0.00,0.00,0.00,0.00,0.00,0.00,Partidos
131,Arturo Delgado,mx MEX,PO,FC Juárez,22-284,2002,2,2,180,2.0,0,0,0,0,0,0,0,0,0.0,0.0,0.0,0.0,0,0,0,0.00,0.00,0.00,0.00,0.00,0.00,0.00,0.00,0.00,0.00,Partidos
132,Nelson Deossa,co COL,CC,Pachuca,24-296,2000,16,14,1212,13.5,2,2,4,2,0,0,5,0,1.5,1.5,1.5,3.0,39,89,26,0.15,0.15,0.30,0.15,0.30,0.11,0.11,0.22,0.11,0.22,Partidos
133,Benny Díaz,mx MEX,PO,FC Juárez,25-349,1998,11,11,990,11.0,0,0,0,0,0,0,3,0,0.0,0.0,0.0,0.0,0,0,0,0.00,0.00,0.00,0.00,0.00,0.00,0.00,0.00,0.00,0.00,Partidos
134,Nicolás Díaz Huincales,cl CHI,DF,Tijuana,25-192,1999,9,7,679,7.5,0,0,0,0,0,0,2,0,0.2,0.2,0.2,0.4,7,25,17,0.00,0.00,0.00,0.00,0.00,0.03,0.02,0.05,0.03,0.05,Partidos
135,Jair Díaz,mx MEX,DF,Mazatlán,26-099,1998,12,10,931,10.3,0,0,0,0,0,0,4,0,0.3,0.3,0.1,0.5,18,35,15,0.00,0.00,0.00,0.00,0.00,0.03,0.01,0.04,0.03,0.04,Partidos
136,Javairô Dilrosun,nl NED,"DL,CC",América,26-159,1998,11,7,612,6.8,1,1,2,1,0,0,3,0,0.9,0.9,2.2,3.0,22,25,41,0.15,0.15,0.29,0.15,0.29,0.13,0.32,0.45,0.13,0.45,Partidos
137,Willer Ditta,co COL,DF,Cruz Azul,27-310,1997,17,17,1530,17.0,0,0,0,0,0,0,3,0,0.7,0.7,0.3,1.0,27,106,21,0.00,0.00,0.00,0.00,0.00,0.04,0.02,0.06,0.04,0.06,Partidos
138,Alexei Dominguez,mx MEX,DL,Pachuca,19-330,2005,3,1,69,0.8,0,0,0,0,0,0,0,0,0.1,0.1,0.0,0.1,2,2,8,0.00,0.00,0.00,0.00,0.00,0.14,0.05,0.19,0.14,0.19,Partidos
139,Idekel Domínguez,mx MEX,DF,Atlas,24-179,2000,2,2,143,1.6,0,0,0,0,0,0,0,0,0.0,0.0,0.1,0.1,1,5,2,0.00,0.00,0.00,0.00,0.00,0.00,0.04,0.04,0.00,0.04,Partidos
140,Joel Domínguez,mx MEX,CC,Monterrey,19-324,2005,1,0,4,0.0,0,0,0,0,0,0,0,0,0.0,0.0,0.0,0.0,0,0,0,0.00,0.00,0.00,0.00,0.00,0.00,0.00,0.00,0.00,0.00,Partidos
141,Jose Domínguez,py PAR,DF,Querétaro,28-131,1996,10,10,846,9.4,0,0,0,0,0,0,5,1,0.2,0.2,0.0,0.2,3,17,0,0.00,0.00,0.00,0.00,0.00,0.02,0.00,0.02,0.02,0.02,Partidos
142,Juan Domínguez,mx MEX,"DL,CC",Toluca,26-029,1998,17,8,764,8.5,0,1,1,0,0,0,1,0,0.2,0.2,0.9,1.1,23,30,51,0.00,0.12,0.12,0.00,0.12,0.02,0.11,0.13,0.02,0.13,Partidos
143,Julio Domínguez,mx MEX,DF,Atlético,37-020,1987,14,14,1193,13.3,0,1,1,0,0,0,3,0,0.3,0.3,0.2,0.4,6,45,4,0.00,0.08,0.08,0.00,0.08,0.02,0.01,0.03,0.02,0.03,Partidos
144,Misael Domínguez,mx MEX,"DL,CC",Querétaro,25-032,1999,2,1,78,0.9,0,0,0,0,0,0,0,0,0.0,0.0,0.0,0.0,1,5,6,0.00,0.00,0.00,0.00,0.00,0.00,0.00,0.00,0.00,0.00,Partidos
145,Dória,br BRA,DF,Atlas,30-020,1994,14,13,1180,13.1,0,0,0,0,0,0,4,0,0.7,0.7,0.3,1.0,3,26,0,0.00,0.00,0.00,0.00,0.00,0.06,0.02,0.08,0.06,0.08,Partidos
146,Jonathan dos Santos,mx MEX,CC,América,34-216,1990,14,11,751,8.3,0,0,0,0,0,0,3,0,0.3,0.3,0.1,0.4,8,54,14,0.00,0.00,0.00,0.00,0.00,0.03,0.02,0.05,0.03,0.05,Partidos
147,Rodrigo Dourado,br BRA,"CC,DF",Atlético,30-164,1994,16,16,1415,15.7,1,0,1,1,0,0,5,0,0.4,0.4,0.7,1.0,12,76,8,0.06,0.00,0.06,0.06,0.06,0.02,0.04,0.06,0.02,0.06,Partidos
148,Anderson Duarte,uy URU,"CC,DL",Toluca,20-250,2004,7,0,136,1.5,1,0,1,1,0,0,0,0,0.7,0.7,0.2,0.9,3,5,13,0.66,0.00,0.66,0.66,0.66,0.46,0.13,0.60,0.46,0.60,Partidos
149,Rubén Duarte,es ESP,DF,UNAM,29-041,1995,14,14,1241,13.8,0,0,0,0,0,0,3,0,0.3,0.3,1.2,1.5,16,73,6,0.00,0.00,0.00,0.00,0.00,0.02,0.09,0.11,0.02,0.11,Partidos
150,Rafael Durán,mx MEX,"CC,DL",Puebla,27-100,1997,8,0,151,1.7,1,0,1,1,0,0,0,0,0.5,0.5,0.2,0.6,2,3,6,0.60,0.00,0.60,0.60,0.60,0.27,0.09,0.36,0.27,0.36,Partidos
RL,Jugador,País,Posc,Equipo,Edad,Nacimiento,PJ,Titular,Mín,90 s,Gls.,Ass,G+A,G-TP,TP,TPint,TA,TR,xG,npxG,xAG,npxG+xAG,PrgC,PrgP,PrgR,Gls.,Ast,G+A,G-TP,G+A-TP,xG,xAG,xG+xAG,npxG,npxG+xAG,Partidos
151,Emmanuel Echeverría,mx MEX,DF,Santos,21-055,2003,14,11,1064,11.8,1,0,1,1,0,0,3,0,0.5,0.5,0.2,0.7,19,18,35,0.08,0.00,0.08,0.08,0.08,0.04,0.02,0.06,0.04,0.06,Partidos
152,Edson,br BRA,DF,FC Juárez,26-218,1998,13,6,523,5.8,0,0,0,0,0,0,3,0,0.0,0.0,0.1,0.1,11,29,10,0.00,0.00,0.00,0.00,0.00,0.00,0.01,0.01,0.00,0.01,Partidos
153,José Eduardo Castillo,mx MEX,DF,Pachuca,20-286,2004,1,1,90,1.0,0,0,0,0,0,0,0,0,0.0,0.0,0.1,0.1,2,9,3,0.00,0.00,0.00,0.00,0.00,0.00,0.08,0.08,0.00,0.08,Partidos
154,Javier Eduardo López,mx MEX,"CC,DL",Pachuca,30-072,1994,3,0,87,1.0,1,0,1,1,0,0,0,0,0.2,0.2,0.1,0.3,1,3,6,1.03,0.00,1.03,1.03,1.03,0.25,0.05,0.31,0.25,0.31,Partidos
155,Jorge Eduardo Sánchez,mx MEX,"DF,DL",Cruz Azul,26-354,1997,15,15,1242,13.8,1,1,2,1,0,1,2,0,2.2,1.4,1.4,2.8,31,51,106,0.07,0.07,0.14,0.07,0.14,0.16,0.10,0.26,0.10,0.20,Partidos
156,Francisco Eduardo Venegas,mx MEX,DF,Querétaro,26-135,1998,12,11,821,9.1,0,0,0,0,0,0,3,0,0.3,0.3,0.4,0.7,16,28,17,0.00,0.00,0.00,0.00,0.00,0.03,0.04,0.07,0.03,0.07,Partidos
157,Luis Enrique Quiñones,co COL,"DL,CC",Puebla,33-155,1991,11,10,878,9.8,3,1,4,2,1,1,6,1,2.3,1.5,1.1,2.6,22,40,64,0.31,0.10,0.41,0.21,0.31,0.24,0.12,0.36,0.16,0.27,Partidos
158,Luis Enrique Quiñones,co COL,"DL,CC",UANL,33-155,1991,4,2,171,1.9,0,1,1,0,0,0,0,0,0.1,0.1,1.2,1.3,1,6,24,0.00,0.53,0.53,0.00,0.53,0.05,0.64,0.69,0.05,0.69,Partidos
159,Robert Ergas,uy URU,DF,UNAM,26-318,1998,14,11,972,10.8,0,3,3,0,0,0,2,0,0.3,0.3,3.2,3.5,35,17,96,0.00,0.28,0.28,0.00,0.28,0.03,0.29,0.32,0.03,0.32,Partidos
160,Carlos Ernesto Cisneros,mx MEX,"DL,CC",Guadalajara,31-090,1993,9,5,321,3.6,0,0,0,0,0,0,0,0,0.4,0.4,1.7,2.1,16,11,29,0.00,0.00,0.00,0.00,0.00,0.11,0.47,0.58,0.11,0.58,Partidos
161,Kevin Escamilla,mx MEX,"CC,DF",Querétaro,30-281,1994,13,11,886,9.8,0,1,1,0,0,0,3,0,0.2,0.2,0.2,0.4,5,31,4,0.00,0.10,0.10,0.00,0.10,0.02,0.02,0.04,0.02,0.04,Partidos
162,Alonso Escoboza,mx MEX,"DF,CC",Mazatlán,31-311,1993,13,10,861,9.6,0,0,0,0,0,0,1,0,0.4,0.4,1.4,1.7,26,39,44,0.00,0.00,0.00,0.00,0.00,0.04,0.14,0.18,0.04,0.18,Partidos
163,Dagoberto Espinoza,mx MEX,"DF,CC",América,20-225,2004,9,5,501,5.6,0,0,0,0,0,0,1,0,0.0,0.0,0.3,0.3,13,8,30,0.00,0.00,0.00,0.00,0.00,0.00,0.05,0.05,0.00,0.05,Partidos
164,Luis Espinoza,mx MEX,DL,Santos,20-309,2004,3,0,36,0.4,0,0,0,0,0,0,0,0,0.0,0.0,0.0,0.0,0,0,4,0.00,0.00,0.00,0.00,0.00,0.00,0.00,0.00,0.00,0.00,Partidos
165,Ángel Estrada,mx MEX,CC,León,21-313,2003,10,9,715,7.9,1,0,1,1,0,0,1,0,0.3,0.3,0.2,0.5,4,18,9,0.13,0.00,0.13,0.13,0.13,0.03,0.03,0.06,0.03,0.06,Partidos
166,Oscar Estupiñan,co COL,DL,FC Juárez,27-335,1996,12,11,1011,11.2,7,0,7,6,1,2,1,0,6.2,4.6,0.1,4.7,9,15,35,0.62,0.00,0.62,0.53,0.53,0.55,0.01,0.56,0.41,0.42,Partidos
167,José Eulogio,mx MEX,PO,Pachuca,20-291,2004,2,2,180,2.0,0,0,0,0,0,0,0,0,0.0,0.0,0.0,0.0,0,0,0,0.00,0.00,0.00,0.00,0.00,0.00,0.00,0.00,0.00,0.00,Partidos
168,Franco Fagúndez,uy URU,"CC,DL",Santos,24-132,2000,13,7,716,8.0,2,1,3,2,0,0,5,0,1.1,1.1,2.1,3.2,10,37,26,0.25,0.13,0.38,0.25,0.38,0.14,0.26,0.41,0.14,0.41,Partidos
169,Lorenzo Faravelli,ar ARG,"CC,DL",Cruz Azul,31-244,1993,14,13,1028,11.4,5,1,6,5,0,0,3,0,3.2,3.2,0.7,3.9,14,67,42,0.44,0.09,0.53,0.44,0.53,0.28,0.06,0.34,0.28,0.34,Partidos
170,Carlos Felipe Rodríguez,mx MEX,PO,UANL,35-239,1989,3,3,270,3.0,0,0,0,0,0,0,0,0,0.0,0.0,0.0,0.0,0,0,0,0.00,0.00,0.00,0.00,0.00,0.00,0.00,0.00,0.00,0.00,Partidos
171,Gabriel Fernández,uy URU,"DL,CC",Cruz Azul,30-199,1994,2,0,44,0.5,1,0,1,1,0,0,0,0,0.3,0.3,0.0,0.3,1,0,2,2.05,0.00,2.05,2.05,2.05,0.72,0.00,0.72,0.72,0.72,Partidos
172,Rafael Fernández,mx MEX,DF,Tijuana,24-115,2000,15,13,1046,11.6,0,0,0,0,0,0,3,0,0.2,0.2,0.0,0.2,5,41,6,0.00,0.00,0.00,0.00,0.00,0.02,0.00,0.02,0.02,0.02,Partidos
173,Gustavo Ferrareis,br BRA,DF,Puebla,28-331,1996,16,16,1414,15.7,1,0,1,1,0,0,5,0,0.4,0.4,1.5,1.9,22,41,42,0.06,0.00,0.06,0.06,0.06,0.03,0.09,0.12,0.03,0.12,Partidos
174,Álvaro Fidalgo,es ESP,CC,América,27-233,1997,15,12,1110,12.3,1,3,4,1,0,0,0,0,1.6,1.6,2.2,3.8,69,112,46,0.08,0.24,0.32,0.08,0.32,0.13,0.18,0.31,0.13,0.31,Partidos
175,Iker Fimbres,mx MEX,CC,Monterrey,19-179,2005,12,6,545,6.1,2,0,2,2,0,0,3,0,0.8,0.8,0.4,1.2,16,38,25,0.33,0.00,0.33,0.33,0.33,0.13,0.06,0.19,0.13,0.19,Partidos
RL,Jugador,País,Posc,Equipo,Edad,Nacimiento,PJ,Titular,Mín,90 s,Gls.,Ass,G+A,G-TP,TP,TPint,TA,TR,xG,npxG,xAG,npxG+xAG,PrgC,PrgP,PrgR,Gls.,Ast,G+A,G-TP,G+A-TP,xG,xAG,xG+xAG,npxG,npxG+xAG,Partidos
176,Leonardo Flores,mx MEX,"DL,CC",Atlas,21-221,2003,7,0,110,1.2,0,0,0,0,0,0,1,0,0.1,0.1,0.3,0.4,2,3,7,0.00,0.00,0.00,0.00,0.00,0.12,0.24,0.35,0.12,0.35,Partidos
177,Marcelo Flores,mx MEX,"DL,CC",UANL,21-058,2003,13,2,383,4.3,2,0,2,2,0,0,1,0,1.1,1.1,0.8,1.9,32,17,61,0.47,0.00,0.47,0.47,0.47,0.26,0.20,0.46,0.26,0.46,Partidos
178,Alexis Francisco Peña,mx MEX,DF,Necaxa,28-320,1996,4,3,272,3.0,0,0,0,0,0,0,0,0,0.4,0.4,0.0,0.4,2,8,3,0.00,0.00,0.00,0.00,0.00,0.12,0.00,0.12,0.12,0.12,Partidos
179,Ramiro Franco,mx MEX,DF,Mazatlán,21-034,2003,8,4,365,4.1,0,0,0,0,0,0,2,0,0.3,0.3,0.0,0.3,2,15,0,0.00,0.00,0.00,0.00,0.00,0.08,0.00,0.08,0.08,0.08,Partidos
180,Adonis Frías,ar ARG,"CC,DF",León,26-256,1998,8,4,419,4.7,0,0,0,0,0,0,2,0,0.2,0.2,0.1,0.4,12,19,9,0.00,0.00,0.00,0.00,0.00,0.05,0.03,0.08,0.05,0.08,Partidos
181,Raymundo Fulgencio,mx MEX,"DL,CC",Atlas,24-290,2000,17,13,1053,11.7,1,4,5,1,0,0,2,0,0.5,0.5,2.3,2.8,17,57,57,0.09,0.34,0.43,0.09,0.43,0.05,0.20,0.24,0.05,0.24,Partidos
182,Rogelio Funes Mori,mx MEX,DL,UNAM,33-268,1991,15,6,608,6.8,1,1,2,1,0,0,2,0,4.0,4.0,0.3,4.3,10,10,54,0.15,0.15,0.30,0.15,0.30,0.60,0.04,0.64,0.60,0.64,Partidos
183,Benjamín Galdames,mx MEX,"CC,DL",Atlético,23-278,2001,12,1,239,2.7,0,0,0,0,0,0,1,0,0.2,0.2,0.1,0.3,6,12,31,0.00,0.00,0.00,0.00,0.00,0.09,0.03,0.12,0.09,0.12,Partidos
184,Jesús Gallardo,mx MEX,"DF,CC",Toluca,30-105,1994,16,16,1421,15.8,4,3,7,4,0,0,3,0,1.4,1.4,3.8,5.3,50,50,126,0.25,0.19,0.44,0.25,0.44,0.09,0.24,0.33,0.09,0.33,Partidos
185,Bryan Gamboa,mx MEX,CC,Cruz Azul,22-260,2002,1,0,11,0.1,1,0,1,1,0,0,0,0,0.1,0.1,0.0,0.1,0,0,2,8.18,0.00,8.18,8.18,8.18,0.71,0.00,0.71,0.71,0.71,Partidos
186,Aitor García,es ESP,"DL,CC",FC Juárez,30-248,1994,13,3,422,4.7,1,1,2,1,0,0,0,0,1.1,1.1,0.2,1.3,23,9,35,0.21,0.21,0.43,0.21,0.43,0.23,0.05,0.28,0.23,0.28,Partidos
187,Amaury García,mx MEX,"CC,DL",Cruz Azul,22-345,2001,3,0,14,0.2,0,0,0,0,0,0,1,0,0.0,0.0,0.0,0.0,0,2,0,0.00,0.00,0.00,0.00,0.00,0.00,0.00,0.00,0.00,0.00,Partidos
188,Brian García,mx MEX,DF,Toluca,27-028,1997,16,14,1174,13.0,1,1,2,1,0,0,2,0,0.8,0.8,0.6,1.4,33,50,79,0.08,0.08,0.15,0.08,0.15,0.06,0.04,0.10,0.06,0.10,Partidos
189,Denzell García,mx MEX,CC,FC Juárez,21-105,2003,3,0,13,0.1,0,0,0,0,0,0,0,0,0.0,0.0,0.0,0.0,0,3,1,0.00,0.00,0.00,0.00,0.00,0.00,0.00,0.00,0.00,0.00,Partidos
190,Gael García,mx MEX,DL,Guadalajara,16-177,2008,1,0,1,0.0,0,0,0,0,0,0,0,0,0.0,0.0,0.0,0.0,1,0,1,0.00,0.00,0.00,0.00,0.00,0.00,0.00,0.00,0.00,0.00,Partidos
191,Jorge García,mx MEX,CC,Cruz Azul,22-311,2002,3,0,77,0.9,0,0,0,0,0,0,1,0,0.0,0.0,0.1,0.1,1,3,5,0.00,0.00,0.00,0.00,0.00,0.00,0.16,0.16,0.00,0.16,Partidos
192,José García,mx MEX,DF,FC Juárez,28-159,1996,8,7,606,6.7,2,0,2,2,0,0,1,1,0.5,0.5,0.0,0.5,0,8,1,0.30,0.00,0.30,0.30,0.30,0.07,0.00,0.07,0.07,0.07,Partidos
193,Luan Garcia,br BRA,DF,Toluca,31-202,1993,16,16,1395,15.5,1,0,1,1,0,0,2,0,0.9,0.9,0.1,1.1,9,43,6,0.06,0.00,0.06,0.06,0.06,0.06,0.01,0.07,0.06,0.07,Partidos
194,Luis García,mx MEX,"CC,DL",Puebla,31-248,1993,7,0,117,1.3,0,0,0,0,0,0,0,0,0.0,0.0,0.6,0.6,6,2,11,0.00,0.00,0.00,0.00,0.00,0.00,0.44,0.44,0.00,0.44,Partidos
195,Mateo García,ar ARG,"CC,DL",Atlas,28-079,1996,11,2,343,3.8,0,0,0,0,0,0,0,0,0.4,0.4,0.1,0.6,11,10,19,0.00,0.00,0.00,0.00,0.00,0.11,0.04,0.15,0.11,0.15,Partidos
196,Bryan Garnica,mx MEX,"DL,DF",Necaxa,28-185,1996,15,11,1002,11.1,0,0,0,0,0,0,1,1,0.2,0.2,1.5,1.7,17,50,70,0.00,0.00,0.00,0.00,0.00,0.01,0.14,0.15,0.01,0.15,Partidos
197,César Garza,mx MEX,CC,Monterrey,19-150,2005,2,0,17,0.2,0,0,0,0,0,0,0,0,0.0,0.0,0.0,0.0,0,1,0,0.00,0.00,0.00,0.00,0.00,0.00,0.00,0.00,0.00,0.00,Partidos
198,Jesús Garza,mx MEX,DF,UANL,24-175,2000,8,3,277,3.1,0,1,1,0,0,0,2,0,0.1,0.1,0.8,0.9,5,16,14,0.00,0.32,0.32,0.00,0.32,0.03,0.26,0.29,0.03,0.29,Partidos
199,Giorgos Giakoumakis,gr GRE,DL,Cruz Azul,29-355,1994,13,9,661,7.3,6,4,10,6,0,0,3,0,2.9,2.9,1.1,4.0,6,9,41,0.82,0.54,1.36,0.82,1.36,0.39,0.15,0.55,0.39,0.55,Partidos
200,André-Pierre Gignac,fr FRA,DL,UANL,38-359,1985,16,13,1024,11.4,7,1,8,5,2,3,1,0,5.6,3.3,1.0,4.3,14,27,66,0.62,0.09,0.70,0.44,0.53,0.50,0.09,0.58,0.29,0.38,Partidos
RL,Jugador,País,Posc,Equipo,Edad,Nacimiento,PJ,Titular,Mín,90 s,Gls.,Ass,G+A,G-TP,TP,TPint,TA,TR,xG,npxG,xAG,npxG+xAG,PrgC,PrgP,PrgR,Gls.,Ast,G+A,G-TP,G+A-TP,xG,xAG,xG+xAG,npxG,npxG+xAG,Partidos
201,Faber Gil,co COL,"DL,CC",Pachuca,29-259,1995,9,2,283,3.1,0,0,0,0,0,0,2,0,0.5,0.5,0.6,1.1,21,7,36,0.00,0.00,0.00,0.00,0.00,0.16,0.20,0.35,0.16,0.35,Partidos
202,Alejandro Gómez,mx MEX,"DF,CC",Tijuana,22-302,2002,11,10,839,9.3,0,0,0,0,0,0,0,0,0.5,0.5,0.4,0.9,13,45,15,0.00,0.00,0.00,0.00,0.00,0.05,0.04,0.09,0.05,0.09,Partidos
203,Diego Gómez,mx MEX,CC,Necaxa,21-079,2003,11,5,398,4.4,0,0,0,0,0,0,0,0,0.0,0.0,0.0,0.0,1,9,2,0.00,0.00,0.00,0.00,0.00,0.00,0.00,0.00,0.00,0.00,Partidos
204,Emiliano Gómez,uy URU,"DL,CC",Puebla,23-071,2001,10,9,792,8.8,3,0,3,3,0,0,0,0,3.0,3.0,1.1,4.1,10,8,45,0.34,0.00,0.34,0.34,0.34,0.35,0.12,0.48,0.35,0.48,Partidos
205,Luis Gómez,mx MEX,"DF,DL",Santos,17-331,2007,3,0,25,0.3,0,0,0,0,0,0,0,0,0.0,0.0,0.0,0.0,2,0,1,0.00,0.00,0.00,0.00,0.00,0.00,0.00,0.00,0.00,0.00,Partidos
206,Jaime Gómez Valencia,mx MEX,"CC,DF",Querétaro,31-134,1993,10,2,227,2.5,0,0,0,0,0,0,1,0,0.0,0.0,0.1,0.1,5,16,7,0.00,0.00,0.00,0.00,0.00,0.02,0.03,0.05,0.02,0.05,Partidos
207,Alfonso González,mx MEX,"CC,DL",Pachuca,30-084,1994,10,4,364,4.0,2,0,2,2,0,0,1,1,1.4,1.4,0.7,2.1,11,12,25,0.49,0.00,0.49,0.49,0.49,0.34,0.18,0.52,0.34,0.52,Partidos
208,Armando González,mx MEX,DL,Guadalajara,21-222,2003,11,6,510,5.7,3,1,4,3,0,0,1,0,3.6,3.6,0.7,4.3,2,8,31,0.53,0.18,0.71,0.53,0.71,0.64,0.12,0.76,0.64,0.76,Partidos
209,Bryan González,mx MEX,DF,Pachuca,21-232,2003,16,16,1372,15.2,0,1,1,0,0,0,2,0,1.0,1.0,1.5,2.5,29,68,57,0.00,0.07,0.07,0.00,0.07,0.07,0.10,0.16,0.07,0.16,Partidos
210,Pablo González Díaz,mx MEX,CC,Puebla,32-144,1992,16,14,1195,13.3,0,0,0,0,0,0,2,0,0.1,0.1,0.1,0.2,4,35,3,0.00,0.00,0.00,0.00,0.00,0.01,0.01,0.01,0.01,0.01,Partidos
211,Hugo González Durán,mx MEX,PO,Mazatlán,34-119,1990,17,17,1485,16.5,0,0,0,0,0,0,2,0,0.0,0.0,0.0,0.0,0,1,0,0.00,0.00,0.00,0.00,0.00,0.00,0.00,0.00,0.00,0.00,Partidos
212,Carlos González Espínola,py PAR,DL,Tijuana,31-298,1993,11,8,580,6.4,2,0,2,2,0,0,2,0,2.3,2.3,0.7,3.0,4,7,34,0.31,0.00,0.31,0.31,0.31,0.36,0.11,0.47,0.36,0.47,Partidos
213,Jair González,mx MEX,"CC,DL",Puebla,22-269,2002,9,0,170,1.9,0,0,0,0,0,0,0,0,0.1,0.1,0.3,0.4,7,12,21,0.00,0.00,0.00,0.00,0.00,0.06,0.14,0.20,0.06,0.20,Partidos
214,Jonathan González,mx MEX,CC,FC Juárez,25-229,1999,11,6,501,5.6,0,1,1,0,0,0,1,0,0.0,0.0,0.2,0.2,2,11,2,0.00,0.18,0.18,0.00,0.18,0.00,0.03,0.03,0.00,0.03,Partidos
215,Owen González,mx MEX,DL,Pachuca,21-131,2003,16,12,895,9.9,1,2,3,1,0,0,2,0,1.5,1.5,1.5,3.0,36,33,113,0.10,0.20,0.30,0.10,0.30,0.15,0.15,0.30,0.15,0.30,Partidos
216,Fernando Gorriarán,uy URU,CC,UANL,30-001,1994,17,17,1433,15.9,2,0,2,2,0,0,2,0,1.1,1.1,1.0,2.1,25,128,60,0.13,0.00,0.13,0.13,0.13,0.07,0.06,0.13,0.07,0.13,Partidos
217,Ismael Govea,mx MEX,DF,Santos,27-282,1997,10,7,610,6.8,0,0,0,0,0,0,1,1,0.1,0.1,0.4,0.4,4,11,18,0.00,0.00,0.00,0.00,0.00,0.01,0.05,0.07,0.01,0.07,Partidos
218,Omar Govea,mx MEX,CC,Guadalajara,28-315,1996,10,3,335,3.7,0,0,0,0,0,0,1,0,0.4,0.4,0.1,0.5,9,41,7,0.00,0.00,0.00,0.00,0.00,0.10,0.04,0.14,0.10,0.14,Partidos
219,Andrés Guardado,mx MEX,CC,León,38-061,1986,13,9,842,9.4,1,1,2,1,0,0,3,0,0.5,0.5,0.7,1.2,11,34,10,0.11,0.11,0.21,0.11,0.21,0.05,0.07,0.13,0.05,0.13,Partidos
220,Javier Güemez,mx MEX,CC,Atlético,33-042,1991,16,9,901,10.0,1,3,4,1,0,0,1,0,0.9,0.9,2.0,2.9,13,73,35,0.10,0.30,0.40,0.10,0.40,0.09,0.20,0.29,0.09,0.29,Partidos
221,Edgar Guerra,co COL,"DF,CC",León,23-264,2001,15,9,855,9.5,0,1,1,0,0,0,1,1,1.1,1.1,1.4,2.5,30,26,58,0.00,0.11,0.11,0.00,0.11,0.11,0.15,0.26,0.11,0.26,Partidos
222,Carlos Guillen,mx MEX,"CC,DL",Atlas,20-323,2004,8,3,300,3.3,0,0,0,0,0,0,2,0,0.1,0.1,0.4,0.6,6,19,17,0.00,0.00,0.00,0.00,0.00,0.04,0.13,0.17,0.04,0.17,Partidos
223,Daniel Guillén,mx MEX,DF,Atlético,23-115,2001,6,4,418,4.6,1,0,1,1,0,0,2,0,0.4,0.4,0.0,0.4,3,12,2,0.22,0.00,0.22,0.22,0.22,0.08,0.00,0.08,0.08,0.08,Partidos
224,Emanuel Gularte,uy URU,DF,Puebla,27-059,1997,16,16,1418,15.8,1,0,1,1,0,0,1,1,1.1,1.1,0.6,1.7,7,26,5,0.06,0.00,0.06,0.06,0.06,0.07,0.04,0.11,0.07,0.11,Partidos
225,Alexis Gutiérrez,mx MEX,CC,Cruz Azul,24-276,2000,17,14,1138,12.6,3,3,6,3,0,0,0,0,1.2,1.2,2.9,4.1,28,53,72,0.24,0.24,0.47,0.24,0.47,0.10,0.23,0.32,0.10,0.32,Partidos
RL,Jugador,País,Posc,Equipo,Edad,Nacimiento,PJ,Titular,Mín,90 s,Gls.,Ass,G+A,G-TP,TP,TPint,TA,TR,xG,npxG,xAG,npxG+xAG,PrgC,PrgP,PrgR,Gls.,Ast,G+A,G-TP,G+A-TP,xG,xAG,xG+xAG,npxG,npxG+xAG,Partidos
226,Luis Gutiérrez Castellanos,mx MEX,CC,Santos,22-301,2002,8,6,538,6.0,0,1,1,0,0,0,2,0,0.0,0.0,0.3,0.4,5,12,3,0.00,0.17,0.17,0.00,0.17,0.00,0.06,0.06,0.00,0.06,Partidos
227,Edson Gutiérrez,mx MEX,DF,Monterrey,28-314,1996,8,7,586,6.5,1,0,1,1,0,0,0,0,0.1,0.1,0.2,0.3,2,24,35,0.15,0.00,0.15,0.15,0.15,0.01,0.03,0.04,0.01,0.04,Partidos
228,Erick Gutiérrez,mx MEX,CC,Guadalajara,29-166,1995,15,14,1119,12.4,0,1,1,0,0,0,3,0,1.1,1.1,1.5,2.6,18,71,26,0.00,0.08,0.08,0.00,0.08,0.09,0.12,0.21,0.09,0.21,Partidos
229,Ricardo Gutiérrez,mx MEX,PO,Mazatlán,27-164,1997,1,0,45,0.5,0,0,0,0,0,0,0,0,0.0,0.0,0.0,0.0,0,0,0,0.00,0.00,0.00,0.00,0.00,0.00,0.00,0.00,0.00,0.00,Partidos
230,Nahuel Guzmán,ar ARG,PO,UANL,38-292,1986,11,11,990,11.0,0,0,0,0,0,0,0,0,0.0,0.0,0.0,0.0,0,0,0,0.00,0.00,0.00,0.00,0.00,0.00,0.00,0.00,0.00,0.00,Partidos
231,Víctor Guzmán,mx MEX,"DL,CC",Guadalajara,29-299,1995,15,3,583,6.5,1,1,2,1,0,0,2,0,0.9,0.9,1.8,2.7,13,38,43,0.15,0.15,0.31,0.15,0.31,0.14,0.28,0.42,0.14,0.42,Partidos
232,Víctor Guzmán,mx MEX,DF,Monterrey,22-266,2002,15,10,1032,11.5,0,0,0,0,0,0,1,0,0.0,0.0,0.1,0.1,5,48,1,0.00,0.00,0.00,0.00,0.00,0.00,0.01,0.01,0.00,0.01,Partidos
233,Helinho,br BRA,DL,Toluca,24-217,2000,4,2,188,2.1,1,0,1,1,0,0,0,0,0.4,0.4,0.1,0.5,11,8,21,0.48,0.00,0.48,0.48,0.48,0.19,0.05,0.24,0.19,0.24,Partidos
234,Diego Hernández,uy URU,"CC,DL",León,24-159,2000,13,8,773,8.6,2,2,4,2,0,0,3,0,0.8,0.8,2.4,3.2,18,22,54,0.23,0.23,0.47,0.23,0.47,0.10,0.28,0.38,0.10,0.38,Partidos
235,Illian Hernandez,mx MEX,"DL,DF",América,24-230,2000,6,1,126,1.4,1,0,1,1,0,0,0,0,1.1,1.1,0.3,1.4,1,3,7,0.71,0.00,0.71,0.71,0.71,0.77,0.24,1.00,0.77,1.00,Partidos
236,Javier Hernández,mx MEX,DL,Guadalajara,36-180,1988,6,4,307,3.4,0,1,1,0,0,0,0,0,0.7,0.7,0.8,1.6,2,4,9,0.00,0.29,0.29,0.00,0.29,0.22,0.24,0.46,0.22,0.46,Partidos
237,Jesús Hernández,mx MEX,"DL,CC",León,23-119,2001,4,2,170,1.9,0,0,0,0,0,0,0,0,0.0,0.0,0.0,0.1,3,11,9,0.00,0.00,0.00,0.00,0.00,0.01,0.02,0.03,0.01,0.03,Partidos
238,Pedro Hernández,mx MEX,CC,León,24-028,2000,1,0,1,0.0,0,0,0,0,0,0,0,0,0.0,0.0,0.0,0.0,0,0,0,0.00,0.00,0.00,0.00,0.00,0.00,0.00,0.00,0.00,0.00,Partidos
239,Sebastián Hernández,mx MEX,"CC,DL",Querétaro,20-260,2004,8,5,396,4.4,0,0,0,0,0,0,3,0,0.2,0.2,0.3,0.5,3,4,16,0.00,0.00,0.00,0.00,0.00,0.04,0.06,0.10,0.04,0.10,Partidos
240,Sergio Hernandez,,"CC,DL",Pachuca,,,13,6,543,6.0,2,2,4,2,0,0,2,0,1.1,1.1,1.1,2.2,17,17,48,0.33,0.33,0.66,0.33,0.66,0.19,0.17,0.36,0.19,0.36,Partidos
241,Alberto Herrera,mx MEX,"CC,DL",Puebla,23-279,2001,14,9,698,7.8,0,0,0,0,0,0,0,0,0.4,0.4,0.4,0.8,1,24,18,0.00,0.00,0.00,0.00,0.00,0.05,0.05,0.10,0.05,0.10,Partidos
242,Ozziel Herrera,mx MEX,"DL,CC",UANL,23-189,2001,16,8,724,8.0,4,0,4,3,1,1,2,0,2.1,1.3,0.9,2.2,26,27,73,0.50,0.00,0.50,0.37,0.37,0.26,0.11,0.37,0.16,0.27,Partidos
243,Héctor Holguín,mx MEX,PO,Santos,23-218,2001,1,1,90,1.0,0,0,0,0,0,0,0,0,0.0,0.0,0.0,0.0,0,0,0,0.00,0.00,0.00,0.00,0.00,0.00,0.00,0.00,0.00,0.00,Partidos
244,César Huerta,mx MEX,"DL,CC",UNAM,23-361,2000,15,14,1290,14.3,5,3,8,4,1,2,5,0,5.6,4.0,3.7,7.7,67,65,152,0.35,0.21,0.56,0.28,0.49,0.39,0.26,0.65,0.28,0.54,Partidos
245,Rodrigo Huescas,mx MEX,DF,Cruz Azul,21-071,2003,1,1,90,1.0,0,0,0,0,0,0,0,0,0.1,0.1,0.0,0.1,1,5,8,0.00,0.00,0.00,0.00,0.00,0.05,0.00,0.05,0.05,0.05,Partidos
246,Avilés Hurtado,co COL,"DL,CC",FC Juárez,37-222,1987,8,4,335,3.7,1,0,1,0,1,1,1,0,1.2,0.4,0.4,0.8,14,28,38,0.27,0.00,0.27,0.00,0.00,0.33,0.10,0.43,0.12,0.22,Partidos
247,Nicolás Ibáñez,ar ARG,DL,UANL,30-097,1994,17,6,730,8.1,4,0,4,3,1,1,1,0,4.9,4.1,0.3,4.5,11,10,44,0.49,0.00,0.49,0.37,0.37,0.60,0.04,0.65,0.51,0.55,Partidos
248,Oussama Idrissi,ma MAR,DL,Pachuca,28-276,1996,16,14,1092,12.1,2,3,5,2,0,0,3,1,1.1,1.1,1.7,2.8,67,77,141,0.16,0.25,0.41,0.16,0.41,0.09,0.14,0.23,0.09,0.23,Partidos
249,Hugo Isaác Rodríguez,mx MEX,DF,Santos,34-173,1990,2,1,76,0.8,0,0,0,0,0,0,1,0,0.0,0.0,0.0,0.0,0,0,0,0.00,0.00,0.00,0.00,0.00,0.00,0.00,0.00,0.00,0.00,Partidos
250,Mauricio Isais,mx MEX,"CC,DF",León,23-233,2001,2,0,26,0.3,1,0,1,1,0,0,1,0,0.1,0.1,0.0,0.1,1,2,4,3.46,0.00,3.46,3.46,3.46,0.28,0.00,0.28,0.28,0.28,Partidos
RL,Jugador,País,Posc,Equipo,Edad,Nacimiento,PJ,Titular,Mín,90 s,Gls.,Ass,G+A,G-TP,TP,TPint,TA,TR,xG,npxG,xAG,npxG+xAG,PrgC,PrgP,PrgR,Gls.,Ast,G+A,G-TP,G+A-TP,xG,xAG,xG+xAG,npxG,npxG+xAG,Partidos
251,Omar Israel Mendoza,mx MEX,DF,Querétaro,36-031,1988,15,14,1202,13.4,0,1,1,0,0,0,3,1,0.1,0.1,0.9,1.1,15,54,39,0.00,0.07,0.07,0.00,0.07,0.01,0.07,0.08,0.01,0.08,Partidos
252,Miguel Jiménez Ponce,mx MEX,PO,Puebla,34-259,1990,13,13,1170,13.0,0,0,0,0,0,0,1,0,0.0,0.0,0.1,0.1,0,0,0,0.00,0.00,0.00,0.00,0.00,0.00,0.01,0.01,0.00,0.01,Partidos
253,Ricardo Jiménez,mx MEX,CC,Necaxa,18-220,2006,1,0,1,0.0,0,0,0,0,0,0,0,0,0.0,0.0,0.0,0.0,0,0,0,0.00,0.00,0.00,0.00,0.00,0.00,0.00,0.00,0.00,0.00,Partidos
254,Tahiel Jiménez,mx MEX,"CC,DL",Santos,18-311,2006,10,4,397,4.4,1,0,1,1,0,0,3,0,0.7,0.7,0.4,1.1,5,16,15,0.23,0.00,0.23,0.23,0.23,0.16,0.08,0.25,0.16,0.25,Partidos
255,Joaquim,br BRA,DF,UANL,25-336,1998,13,13,1162,12.9,0,1,1,0,0,0,2,0,1.0,1.0,0.3,1.3,8,32,5,0.00,0.08,0.08,0.00,0.08,0.08,0.02,0.10,0.08,0.10,Partidos
256,José Joaquín Esquivel,mx MEX,DF,Mazatlán,26-326,1998,6,4,363,4.0,0,0,0,0,0,0,2,0,0.0,0.0,0.3,0.4,5,14,3,0.00,0.00,0.00,0.00,0.00,0.01,0.08,0.09,0.01,0.09,Partidos
257,Julio José González,mx MEX,PO,UNAM,33-219,1991,13,13,1170,13.0,0,0,0,0,0,0,0,0,0.0,0.0,0.0,0.0,0,0,0,0.00,0.00,0.00,0.00,0.00,0.00,0.00,0.00,0.00,0.00,Partidos
258,Juan José Sánchez,co COL,"DF,CC",UANL,26-324,1998,2,0,28,0.3,0,0,0,0,0,0,1,0,0.0,0.0,0.0,0.0,0,0,0,0.00,0.00,0.00,0.00,0.00,0.00,0.00,0.00,0.00,0.00,Partidos
259,José Juan Macías,mx MEX,"DL,CC",Santos,25-067,1999,2,0,44,0.5,0,0,0,0,0,0,0,0,0.0,0.0,0.0,0.0,1,3,2,0.00,0.00,0.00,0.00,0.00,0.00,0.00,0.00,0.00,0.00,Partidos
260,Ramón Juárez,mx MEX,DF,América,23-203,2001,10,8,760,8.4,1,0,1,1,0,0,2,0,0.7,0.7,0.2,0.9,8,30,0,0.12,0.00,0.12,0.12,0.12,0.08,0.03,0.11,0.08,0.11,Partidos
261,Heriberto Jurado,mx MEX,"DL,DF",Necaxa,19-330,2005,13,11,866,9.6,0,0,0,0,0,0,0,0,0.3,0.3,1.7,1.9,23,16,44,0.00,0.00,0.00,0.00,0.00,0.03,0.17,0.20,0.03,0.20,Partidos
262,Sebastián Jurado,mx MEX,PO,FC Juárez,27-061,1997,4,4,360,4.0,0,0,0,0,0,0,0,0,0.0,0.0,0.0,0.0,0,0,0,0.00,0.00,0.00,0.00,0.00,0.00,0.00,0.00,0.00,0.00,Partidos
263,Mateo Klimowicz,de GER,"DL,CC",Atlético,24-145,2000,11,7,562,6.2,3,1,4,3,0,0,0,0,2.5,2.5,0.8,3.3,10,11,42,0.48,0.16,0.64,0.48,0.64,0.40,0.13,0.53,0.40,0.53,Partidos
264,Roberto de la Rosa,mx MEX,"DL,CC",Monterrey,24-329,2000,10,2,241,2.7,0,1,1,0,0,0,0,0,0.9,0.9,0.7,1.6,12,13,16,0.00,0.37,0.37,0.00,0.37,0.33,0.27,0.59,0.33,0.59,Partidos
265,Diego Lainez,mx MEX,DL,UANL,24-172,2000,12,6,608,6.8,0,3,3,0,0,0,0,0,0.6,0.6,2.1,2.7,24,29,65,0.00,0.44,0.44,0.00,0.44,0.09,0.31,0.40,0.09,0.40,Partidos
266,Mauro Laínez,mx MEX,"CC,DF",Mazatlán,28-203,1996,10,0,188,2.1,0,0,0,0,0,0,0,0,0.0,0.0,0.7,0.8,24,8,37,0.00,0.00,0.00,0.00,0.00,0.02,0.35,0.37,0.02,0.37,Partidos
267,Emilio Lara,mx MEX,DF,América,22-194,2002,1,1,59,0.7,0,0,0,0,0,0,0,0,0.0,0.0,0.0,0.0,5,2,0,0.00,0.00,0.00,0.00,0.00,0.00,0.00,0.00,0.00,0.00,Partidos
268,Emilio Lara,mx MEX,DF,Necaxa,22-194,2002,9,7,637,7.1,0,1,1,0,0,0,1,0,0.0,0.0,0.1,0.1,4,16,6,0.00,0.14,0.14,0.00,0.14,0.00,0.02,0.02,0.00,0.02,Partidos
269,Israel Larios,mx MEX,"DL,CC",Atlas,21-201,2003,10,1,185,2.1,0,0,0,0,0,0,0,0,0.2,0.2,0.1,0.3,6,4,20,0.00,0.00,0.00,0.00,0.00,0.10,0.04,0.14,0.10,0.14,Partidos
270,Federico Lértora,ar ARG,CC,Querétaro,34-146,1990,17,17,1525,16.9,1,2,3,1,0,0,4,0,1.9,1.9,3.4,5.3,16,72,50,0.06,0.12,0.18,0.06,0.18,0.11,0.20,0.31,0.11,0.31,Partidos
271,Mateo Levy,mx MEX,"DL,CC",Cruz Azul,18-037,2006,7,2,191,2.1,0,0,0,0,0,0,0,0,1.4,1.4,0.0,1.4,2,2,10,0.00,0.00,0.00,0.00,0.00,0.67,0.00,0.67,0.67,0.67,Partidos
272,Igor Lichnovsky,cl CHI,DF,América,30-266,1994,1,1,90,1.0,0,0,0,0,0,0,0,0,0.0,0.0,0.0,0.0,0,5,0,0.00,0.00,0.00,0.00,0.00,0.00,0.00,0.00,0.00,0.00,Partidos
273,Erik Lira,mx MEX,DF,Cruz Azul,24-204,2000,16,15,1311,14.6,0,0,0,0,0,0,2,0,0.1,0.1,0.2,0.3,15,60,7,0.00,0.00,0.00,0.00,0.00,0.00,0.01,0.02,0.00,0.02,Partidos
274,Aldo López,mx MEX,"DF,CC",Santos,24-189,2000,13,11,947,10.5,0,1,1,0,0,0,1,0,0.3,0.3,0.7,1.0,7,27,13,0.00,0.10,0.10,0.00,0.10,0.03,0.07,0.10,0.03,0.10,Partidos
275,César López,mx MEX,"DL,CC",FC Juárez,22-266,2002,3,0,18,0.2,0,0,0,0,0,0,0,0,0.1,0.1,0.0,0.1,1,0,2,0.00,0.00,0.00,0.00,0.00,0.27,0.00,0.27,0.27,0.27,Partidos
RL,Jugador,País,Posc,Equipo,Edad,Nacimiento,PJ,Titular,Mín,90 s,Gls.,Ass,G+A,G-TP,TP,TPint,TA,TR,xG,npxG,xAG,npxG+xAG,PrgC,PrgP,PrgR,Gls.,Ast,G+A,G-TP,G+A-TP,xG,xAG,xG+xAG,npxG,npxG+xAG,Partidos
276,Cesar López,mx MEX,PO,Atlético,24-171,2000,1,1,90,1.0,0,0,0,0,0,0,1,0,0.0,0.0,0.0,0.0,0,0,0,0.00,0.00,0.00,0.00,0.00,0.00,0.00,0.00,0.00,0.00,Partidos
277,Eder López,mx MEX,DF,FC Juárez,18-332,2006,4,0,103,1.1,0,0,0,0,0,0,1,0,0.1,0.1,0.0,0.1,1,0,7,0.00,0.00,0.00,0.00,0.00,0.06,0.02,0.08,0.06,0.08,Partidos
278,Edgar López,mx MEX,"DL,CC",Toluca,25-221,1999,12,2,293,3.3,0,0,0,0,0,0,0,0,0.9,0.9,0.0,0.9,4,8,16,0.00,0.00,0.00,0.00,0.00,0.29,0.00,0.29,0.29,0.29,Partidos
279,Rodrigo López,mx MEX,"DF,CC",UNAM,23-016,2001,11,1,243,2.7,1,1,2,1,0,0,1,0,0.9,0.9,0.4,1.4,13,16,34,0.37,0.37,0.74,0.37,0.74,0.35,0.17,0.52,0.35,0.52,Partidos
280,Victor Lopez,mx MEX,CC,Querétaro,21-204,2003,2,0,49,0.5,1,0,1,1,0,0,0,0,0.0,0.0,0.0,0.0,1,5,3,1.84,0.00,1.84,1.84,1.84,0.05,0.00,0.05,0.05,0.05,Partidos
281,Vladimir Loroña,mx MEX,"DF,DL",Santos,26-012,1998,4,2,242,2.7,0,0,0,0,0,0,2,0,0.0,0.0,0.0,0.0,1,4,3,0.00,0.00,0.00,0.00,0.00,0.01,0.00,0.01,0.01,0.01,Partidos
282,Anthony Lozano,hn HON,DL,Santos,31-217,1993,13,12,943,10.5,3,0,3,3,0,0,2,0,4.3,4.3,0.1,4.4,13,10,25,0.29,0.00,0.29,0.29,0.29,0.41,0.01,0.42,0.41,0.42,Partidos
283,Esteban Lozano,mx MEX,DL,América,21-263,2003,1,0,31,0.3,0,0,0,0,0,0,0,0,0.1,0.1,0.0,0.1,0,0,1,0.00,0.00,0.00,0.00,0.00,0.34,0.00,0.34,0.34,0.34,Partidos
284,José Lozano,mx MEX,"DL,CC",Atlas,26-054,1998,16,13,1019,11.3,2,3,5,2,0,0,3,0,1.9,1.9,1.5,3.4,17,29,65,0.18,0.26,0.44,0.18,0.44,0.17,0.13,0.30,0.17,0.30,Partidos
285,José Luis Rodríguez,pa PAN,"CC,DL",FC Juárez,26-162,1998,9,5,422,4.7,0,0,0,0,0,0,0,0,0.5,0.5,0.5,0.9,14,21,35,0.00,0.00,0.00,0.00,0.00,0.10,0.10,0.20,0.10,0.20,Partidos
286,Oscar Macías,mx MEX,CC,Atlético,26-142,1998,13,11,953,10.6,1,1,2,1,0,0,0,0,0.4,0.4,0.2,0.6,10,50,12,0.09,0.09,0.19,0.09,0.19,0.04,0.02,0.06,0.04,0.06,Partidos
287,Waldo Madrid,mx MEX,DL,Necaxa,21-095,2003,1,0,27,0.3,0,0,0,0,0,0,0,0,0.0,0.0,0.0,0.0,0,1,2,0.00,0.00,0.00,0.00,0.00,0.00,0.00,0.00,0.00,0.00,Partidos
288,Fernando Madrigal,mx MEX,CC,Tijuana,33-016,1991,4,2,191,2.1,0,0,0,0,0,0,0,0,0.1,0.1,0.0,0.1,3,10,9,0.00,0.00,0.00,0.00,0.00,0.03,0.00,0.03,0.03,0.03,Partidos
289,Lisandro Magallán,ar ARG,DF,UNAM,31-062,1993,12,12,1062,11.8,0,0,0,0,0,0,2,0,0.5,0.5,0.3,0.8,4,38,0,0.00,0.00,0.00,0.00,0.00,0.04,0.02,0.07,0.04,0.07,Partidos
290,Óscar Manzanarez,mx MEX,DF,Querétaro,29-218,1995,8,7,596,6.6,0,0,0,0,0,0,4,0,0.0,0.0,0.1,0.1,1,15,4,0.00,0.00,0.00,0.00,0.00,0.00,0.01,0.01,0.00,0.01,Partidos
291,Cristian Mares,mx MEX,CC,Puebla,20-077,2004,1,0,11,0.1,0,0,0,0,0,0,0,0,0.3,0.3,0.0,0.3,0,0,2,0.00,0.00,0.00,0.00,0.00,2.16,0.00,2.16,2.16,2.16,Partidos
292,Antonio María,mx MEX,DL,Querétaro,20-230,2004,1,1,59,0.7,0,0,0,0,0,0,0,0,0.0,0.0,0.0,0.0,0,0,1,0.00,0.00,0.00,0.00,0.00,0.00,0.00,0.00,0.00,0.00,Partidos
293,Ricardo Marín,mx MEX,"DL,CC",Guadalajara,26-255,1998,13,5,565,6.3,3,1,4,3,0,0,0,0,2.1,2.1,0.3,2.4,4,11,30,0.48,0.16,0.64,0.48,0.64,0.34,0.05,0.39,0.34,0.39,Partidos
294,Salvador Mariscal,mx MEX,"CC,DF",Santos,21-220,2003,15,12,1082,12.0,0,0,0,0,0,0,3,0,0.6,0.6,0.1,0.8,2,34,3,0.00,0.00,0.00,0.00,0.00,0.05,0.01,0.06,0.05,0.06,Partidos
295,Ángel Márquez,mx MEX,CC,Atlas,24-160,2000,17,16,1312,14.6,3,1,4,3,0,0,3,0,1.5,1.5,1.8,3.2,21,47,47,0.21,0.07,0.27,0.21,0.27,0.10,0.12,0.22,0.10,0.22,Partidos
296,Henry Martín,mx MEX,DL,América,32-010,1992,17,14,1271,14.1,8,6,14,8,0,0,0,0,7.5,7.5,3.4,10.9,14,28,56,0.57,0.42,0.99,0.57,0.99,0.53,0.24,0.77,0.53,0.77,Partidos
297,Guillermo Martínez Ayala,mx MEX,DL,UNAM,29-258,1995,17,11,943,10.5,4,1,5,3,1,1,2,0,3.9,3.1,0.8,3.9,7,25,45,0.38,0.10,0.48,0.29,0.38,0.37,0.08,0.45,0.29,0.37,Partidos
298,Gabriel Martínez,mx MEX,DF,Atlético,22-127,2002,2,0,9,0.1,0,0,0,0,0,0,0,0,0.0,0.0,0.0,0.0,0,0,0,0.00,0.00,0.00,0.00,0.00,0.00,0.00,0.00,0.00,0.00,Partidos
299,Emilio Martínez González,mx MEX,DF,Necaxa,21-300,2003,11,10,789,8.8,0,0,0,0,0,0,0,0,0.2,0.2,0.1,0.3,1,18,11,0.00,0.00,0.00,0.00,0.00,0.02,0.01,0.03,0.02,0.03,Partidos
300,Alejandro Mayorga,mx MEX,DF,Necaxa,27-183,1997,15,12,1026,11.4,0,1,1,0,0,0,1,0,0.4,0.4,0.4,0.8,21,40,28,0.00,0.09,0.09,0.00,0.09,0.04,0.04,0.07,0.04,0.07,Partidos
RL,Jugador,País,Posc,Equipo,Edad,Nacimiento,PJ,Titular,Mín,90 s,Gls.,Ass,G+A,G-TP,TP,TPint,TA,TR,xG,npxG,xAG,npxG+xAG,PrgC,PrgP,PrgR,Gls.,Ast,G+A,G-TP,G+A-TP,xG,xAG,xG+xAG,npxG,npxG+xAG,Partidos
301,Alan Medina,mx MEX,"CC,DF",Querétaro,27-101,1997,14,6,547,6.1,0,2,2,0,0,0,0,0,1.2,1.2,0.3,1.5,17,22,37,0.00,0.33,0.33,0.00,0.33,0.19,0.05,0.24,0.19,0.24,Partidos
302,Alan Medina,uy URU,"CC,DL",León,26-232,1998,4,3,220,2.4,0,0,0,0,0,0,1,0,0.1,0.1,0.0,0.1,4,7,6,0.00,0.00,0.00,0.00,0.00,0.02,0.00,0.03,0.02,0.03,Partidos
303,Diego Medina,mx MEX,"DL,DF",Santos,23-261,2001,7,6,475,5.3,0,0,0,0,0,0,1,0,0.1,0.1,0.0,0.2,18,19,38,0.00,0.00,0.00,0.00,0.00,0.03,0.00,0.03,0.03,0.03,Partidos
304,Stefan Medina,co COL,DF,Monterrey,32-167,1992,14,13,1158,12.9,0,1,1,0,0,0,3,0,0.2,0.2,1.4,1.6,21,58,37,0.00,0.08,0.08,0.00,0.08,0.02,0.11,0.13,0.02,0.13,Partidos
305,Aaron Mejía Montoya,mx MEX,"DF,CC",Tijuana,23-175,2001,17,11,1165,12.9,0,0,0,0,0,0,1,0,0.1,0.1,0.3,0.4,7,40,44,0.00,0.00,0.00,0.00,0.00,0.01,0.02,0.03,0.01,0.03,Partidos
306,Ángel Mena,ec ECU,"CC,DL",Pachuca,36-312,1988,5,1,175,1.9,0,0,0,0,0,0,1,0,0.6,0.6,0.5,1.1,5,14,18,0.00,0.00,0.00,0.00,0.00,0.32,0.26,0.57,0.32,0.57,Partidos
307,Alex Mendez,us USA,"DL,CC",FC Juárez,24-083,2000,3,0,25,0.3,0,0,0,0,0,0,0,0,0.0,0.0,0.0,0.0,1,1,3,0.00,0.00,0.00,0.00,0.00,0.10,0.06,0.16,0.10,0.16,Partidos
308,Bruno Méndez,uy URU,DF,Toluca,25-079,1999,10,7,682,7.6,0,0,0,0,0,0,0,1,0.1,0.1,0.0,0.2,5,29,1,0.00,0.00,0.00,0.00,0.00,0.02,0.01,0.02,0.02,0.02,Partidos
309,Stiven Mendoza,co COL,"CC,DL",León,32-154,1992,12,11,953,10.6,4,0,4,4,0,1,4,1,2.6,1.8,1.5,3.2,37,36,76,0.38,0.00,0.38,0.38,0.38,0.24,0.14,0.38,0.17,0.31,Partidos
310,Jean Meneses,cl CHI,DL,Toluca,31-257,1993,4,3,249,2.8,0,0,0,0,0,0,0,0,0.1,0.1,0.5,0.6,6,6,20,0.00,0.00,0.00,0.00,0.00,0.03,0.19,0.21,0.03,0.21,Partidos
311,Roberto Meraz,mx MEX,CC,Mazatlán,25-116,1999,15,15,1269,14.1,0,1,1,0,0,0,5,0,0.5,0.5,1.1,1.6,11,80,8,0.00,0.07,0.07,0.00,0.07,0.03,0.08,0.12,0.03,0.12,Partidos
312,Lucas Merolla,ar ARG,DF,Mazatlán,29-154,1995,7,7,478,5.3,0,0,0,0,0,0,0,0,1.9,1.9,0.0,2.0,0,8,2,0.00,0.00,0.00,0.00,0.00,0.37,0.01,0.37,0.37,0.37,Partidos
313,Maximiliano Meza,ar ARG,"CC,DL",Monterrey,31-349,1992,3,3,199,2.2,0,0,0,0,0,0,1,0,0.1,0.1,0.2,0.3,5,7,16,0.00,0.00,0.00,0.00,0.00,0.05,0.08,0.13,0.05,0.13,Partidos
314,Andrés Micolta,ec ECU,DF,Pachuca,25-175,1999,4,3,292,3.2,0,0,0,0,0,0,1,0,0.0,0.0,0.0,0.0,1,3,0,0.00,0.00,0.00,0.00,0.00,0.00,0.00,0.00,0.00,0.00,Partidos
315,Kevin Mier,co COL,PO,Cruz Azul,24-194,2000,17,17,1530,17.0,0,0,0,0,0,0,1,0,0.0,0.0,0.0,0.0,0,1,0,0.00,0.00,0.00,0.00,0.00,0.00,0.00,0.00,0.00,0.00,Partidos
316,Fernando Monárrez,mx MEX,"DF,DL",Tijuana,25-129,1999,2,0,55,0.6,0,0,0,0,0,0,1,0,0.1,0.1,0.0,0.1,3,4,3,0.00,0.00,0.00,0.00,0.00,0.11,0.00,0.11,0.11,0.11,Partidos
317,Ricardo Monreal,mx MEX,"DL,CC",Necaxa,23-292,2001,17,10,796,8.8,1,0,1,1,0,0,2,0,1.3,1.3,1.6,2.9,15,18,58,0.11,0.00,0.11,0.11,0.11,0.15,0.18,0.32,0.15,0.32,Partidos
318,Pablo Monroy,mx MEX,DF,UNAM,22-129,2002,7,3,243,2.7,0,0,0,0,0,0,2,0,0.0,0.0,0.3,0.3,3,4,17,0.00,0.00,0.00,0.00,0.00,0.00,0.12,0.12,0.00,0.12,Partidos
319,Andres Montaño,mx MEX,"CC,DL",Cruz Azul,22-190,2002,15,3,381,4.2,0,0,0,0,0,0,0,0,0.2,0.2,0.3,0.5,5,19,27,0.00,0.00,0.00,0.00,0.00,0.04,0.08,0.11,0.04,0.11,Partidos
320,Alán Montes,mx MEX,DF,Necaxa,24-033,2000,15,13,1211,13.5,1,0,1,1,0,0,6,0,0.7,0.7,0.2,0.9,2,25,2,0.07,0.00,0.07,0.07,0.07,0.06,0.01,0.07,0.06,0.07,Partidos
321,Elias Montiel,mx MEX,CC,Pachuca,19-052,2005,13,13,1157,12.9,1,1,2,1,0,0,1,0,1.1,1.1,1.0,2.1,28,95,22,0.08,0.08,0.16,0.08,0.16,0.09,0.08,0.17,0.09,0.17,Partidos
322,Adrián Mora,mx MEX,DF,Atlas,27-105,1997,11,6,591,6.6,0,1,1,0,0,0,1,0,0.3,0.3,0.2,0.5,1,12,1,0.00,0.15,0.15,0.00,0.15,0.05,0.04,0.08,0.05,0.08,Partidos
323,Gilberto Mora,mx MEX,"DL,CC",Tijuana,16-045,2008,12,4,530,5.9,1,1,2,1,0,0,1,0,0.9,0.9,1.0,1.9,24,38,48,0.17,0.17,0.34,0.17,0.34,0.16,0.17,0.33,0.16,0.33,Partidos
324,Amaury Morales,mx MEX,"CC,DL",Cruz Azul,18-361,2005,10,1,191,2.1,1,0,1,1,0,0,1,0,0.2,0.2,0.4,0.6,11,6,14,0.47,0.00,0.47,0.47,0.47,0.12,0.18,0.30,0.12,0.30,Partidos
325,Robert Morales,py PAR,DL,Toluca,25-256,1999,3,1,90,1.0,0,0,0,0,0,0,0,0,0.2,0.2,0.0,0.2,2,2,3,0.00,0.00,0.00,0.00,0.00,0.21,0.03,0.24,0.21,0.24,Partidos
RL,Jugador,País,Posc,Equipo,Edad,Nacimiento,PJ,Titular,Mín,90 s,Gls.,Ass,G+A,G-TP,TP,TPint,TA,TR,xG,npxG,xAG,npxG+xAG,PrgC,PrgP,PrgR,Gls.,Ast,G+A,G-TP,G+A-TP,xG,xAG,xG+xAG,npxG,npxG+xAG,Partidos
326,Carlos Moreno,mx MEX,PO,Pachuca,26-304,1998,15,15,1350,15.0,0,0,0,0,0,0,3,0,0.0,0.0,0.0,0.0,0,0,0,0.00,0.00,0.00,0.00,0.00,0.00,0.00,0.00,0.00,0.00,Partidos
327,Héctor Moreno,mx MEX,DF,Monterrey,36-316,1988,13,10,929,10.3,0,0,0,0,0,0,2,0,0.2,0.2,0.1,0.2,2,44,2,0.00,0.00,0.00,0.00,0.00,0.02,0.01,0.02,0.02,0.02,Partidos
328,Iker Moreno,mx MEX,DF,Atlético,21-075,2003,7,2,174,1.9,0,0,0,0,0,0,0,0,0.0,0.0,0.0,0.0,2,3,2,0.00,0.00,0.00,0.00,0.00,0.00,0.01,0.01,0.00,0.01,Partidos
329,Iván Moreno,mx MEX,"DF,CC",León,26-316,1998,7,6,502,5.6,2,1,3,2,0,0,2,0,0.7,0.7,0.6,1.4,8,25,14,0.36,0.18,0.54,0.36,0.54,0.13,0.11,0.24,0.13,0.24,Partidos
330,Omar Moreno,mx MEX,CC,Mazatlán,19-303,2005,2,0,36,0.4,0,0,0,0,0,0,0,0,0.0,0.0,0.0,0.0,1,0,6,0.00,0.00,0.00,0.00,0.00,0.12,0.00,0.12,0.12,0.12,Partidos
331,Alan Mozo,mx MEX,DF,Guadalajara,27-237,1997,17,16,1444,16.0,2,1,3,2,0,0,1,0,1.1,1.1,0.9,1.9,33,43,88,0.12,0.06,0.19,0.12,0.19,0.07,0.05,0.12,0.07,0.12,Partidos
332,Guillermo Muñoz,mx MEX,CC,Santos,20-059,2004,3,0,53,0.6,0,0,0,0,0,0,0,0,0.1,0.1,0.0,0.1,3,1,4,0.00,0.00,0.00,0.00,0.00,0.12,0.00,0.12,0.12,0.12,Partidos
333,Santiago Muñóz,mx MEX,"DL,CC",Santos,22-106,2002,15,7,649,7.2,2,0,2,1,1,1,0,0,3.4,2.6,0.2,2.8,14,20,27,0.28,0.00,0.28,0.14,0.14,0.47,0.03,0.50,0.36,0.39,Partidos
334,Jhon Murillo,ve VEN,"DL,DF",Atlas,29-007,1995,17,13,1261,14.0,2,2,4,2,0,0,1,0,2.7,2.7,0.9,3.6,41,21,72,0.14,0.14,0.29,0.14,0.29,0.19,0.06,0.26,0.19,0.26,Partidos
335,Luis Nájera,mx MEX,"CC,DL",Atlético,21-278,2003,15,11,910,10.1,3,4,7,3,0,0,0,0,1.1,1.1,1.0,2.2,16,39,55,0.30,0.40,0.69,0.30,0.69,0.11,0.10,0.21,0.11,0.21,Partidos
336,Gonzalo Nápoli,uy URU,"CC,DL",León,24-204,2000,3,0,10,0.1,0,0,0,0,0,0,0,0,0.0,0.0,0.0,0.0,0,3,0,0.00,0.00,0.00,0.00,0.00,0.00,0.32,0.32,0.00,0.32,Partidos
337,Luis Navarrete,mx MEX,CC,Toluca,18-097,2006,1,0,6,0.1,0,0,0,0,0,0,0,0,0.0,0.0,0.0,0.0,0,0,1,0.00,0.00,0.00,0.00,0.00,0.00,0.00,0.00,0.00,0.00,Partidos
338,Santiago Naveda,mx MEX,CC,Santos,23-226,2001,11,10,835,9.3,0,1,1,0,0,0,2,0,0.8,0.8,0.4,1.2,6,29,9,0.00,0.11,0.11,0.00,0.11,0.09,0.04,0.13,0.09,0.13,Partidos
339,Hugo Nervo,ar ARG,DF,Atlas,33-327,1991,17,17,1530,17.0,0,0,0,0,0,0,1,0,0.3,0.3,0.4,0.7,5,40,1,0.00,0.00,0.00,0.00,0.00,0.02,0.03,0.04,0.02,0.04,Partidos
340,Santiago Núñez,ar ARG,DF,Santos,24-213,2000,9,8,701,7.8,0,0,0,0,0,0,3,1,0.5,0.5,0.0,0.5,3,8,0,0.00,0.00,0.00,0.00,0.00,0.06,0.00,0.06,0.06,0.06,Partidos
341,Lucas Ocampos,ar ARG,"DL,CC",Monterrey,30-140,1994,10,8,736,8.2,1,4,5,0,1,1,0,1,1.9,1.1,1.6,2.7,24,30,79,0.12,0.49,0.61,0.00,0.49,0.23,0.20,0.43,0.13,0.33,Partidos
342,Agustín Oliveros,uy URU,DF,Necaxa,26-103,1998,17,17,1530,17.0,0,1,1,0,0,0,1,0,1.2,1.2,0.6,1.8,9,34,3,0.00,0.06,0.06,0.00,0.06,0.07,0.04,0.11,0.07,0.11,Partidos
343,Sebastián Olmedo,py PAR,DF,Puebla,23-160,2001,7,6,461,5.1,0,0,0,0,0,0,3,1,0.0,0.0,0.0,0.0,1,7,0,0.00,0.00,0.00,0.00,0.00,0.00,0.00,0.00,0.00,0.00,Partidos
344,Santiago Ormeño,pe PER,DL,Puebla,30-298,1994,9,5,482,5.4,2,1,3,1,1,1,0,0,1.8,1.0,0.5,1.5,2,6,13,0.37,0.19,0.56,0.19,0.37,0.32,0.10,0.41,0.18,0.27,Partidos
345,Efraín Orona,mx MEX,DF,Puebla,25-280,1999,17,14,1311,14.6,0,0,0,0,0,0,1,0,0.6,0.6,0.1,0.6,8,20,2,0.00,0.00,0.00,0.00,0.00,0.04,0.00,0.04,0.04,0.04,Partidos
346,Jesús Orozco,mx MEX,DF,Guadalajara,22-283,2002,15,15,1269,14.1,0,0,0,0,0,0,3,0,0.5,0.5,0.2,0.7,18,66,0,0.00,0.00,0.00,0.00,0.00,0.03,0.02,0.05,0.03,0.05,Partidos
347,Ralph Orquin,us USA,DF,FC Juárez,21-227,2003,17,17,1406,15.6,0,4,4,0,0,0,2,0,0.5,0.5,1.7,2.3,24,51,50,0.00,0.26,0.26,0.00,0.26,0.03,0.11,0.14,0.03,0.14,Partidos
348,Carlos Orrantía,mx MEX,DF,Toluca,33-301,1991,4,2,192,2.1,0,0,0,0,0,0,0,0,0.1,0.1,0.4,0.5,2,7,19,0.00,0.00,0.00,0.00,0.00,0.06,0.17,0.24,0.06,0.24,Partidos
349,Haret Ortega,mx MEX,"DF,CC",FC Juárez,24-193,2000,9,6,625,6.9,1,0,1,1,0,0,4,0,0.1,0.1,0.1,0.1,0,6,1,0.14,0.00,0.14,0.14,0.14,0.01,0.01,0.02,0.01,0.02,Partidos
350,Kevin Ortega,mx MEX,CC,Atlético,22-329,2002,3,0,8,0.1,0,0,0,0,0,0,0,0,0.0,0.0,0.0,0.0,0,1,0,0.00,0.00,0.00,0.00,0.00,0.00,0.00,0.00,0.00,0.00,Partidos
RL,Jugador,País,Posc,Equipo,Edad,Nacimiento,PJ,Titular,Mín,90 s,Gls.,Ass,G+A,G-TP,TP,TPint,TA,TR,xG,npxG,xAG,npxG+xAG,PrgC,PrgP,PrgR,Gls.,Ast,G+A,G-TP,G+A-TP,xG,xAG,xG+xAG,npxG,npxG+xAG,Partidos
351,Pablo Ortiz,mx MEX,DF,Querétaro,22-237,2002,9,5,469,5.2,0,1,1,0,0,0,2,0,0.1,0.1,0.1,0.2,7,15,14,0.00,0.19,0.19,0.00,0.19,0.02,0.03,0.04,0.02,0.04,Partidos
352,Youssef Ortiz,mx MEX,DF,León,18-023,2006,1,0,5,0.1,0,0,0,0,0,0,0,0,0.0,0.0,0.0,0.0,0,2,0,0.00,0.00,0.00,0.00,0.00,0.00,0.00,0.00,0.00,0.00,Partidos
353,Juan Pablo Vigón,mx MEX,CC,UANL,33-131,1991,11,1,246,2.7,0,0,0,0,0,0,0,0,0.6,0.6,0.1,0.7,7,14,13,0.00,0.00,0.00,0.00,0.00,0.22,0.05,0.26,0.22,0.26,Partidos
354,Jose Pachuca,mx MEX,DF,Puebla,19-127,2005,11,5,506,5.6,0,0,0,0,0,0,0,0,0.2,0.2,0.0,0.2,0,5,1,0.00,0.00,0.00,0.00,0.00,0.03,0.00,0.03,0.03,0.03,Partidos
355,Jonathan Padilla,mx MEX,"CC,DL",Guadalajara,18-345,2005,9,3,370,4.1,2,2,4,2,0,0,0,0,1.7,1.7,0.5,2.2,14,8,28,0.49,0.49,0.97,0.49,0.97,0.41,0.12,0.53,0.41,0.53,Partidos
356,Agustín Palavecino,ar ARG,CC,Necaxa,28-019,1996,17,17,1465,16.3,4,2,6,4,0,0,3,0,2.7,2.7,3.2,6.0,32,121,63,0.25,0.12,0.37,0.25,0.37,0.17,0.20,0.37,0.17,0.37,Partidos
357,José Paradela,ar ARG,CC,Necaxa,25-349,1998,17,17,1375,15.3,3,5,8,0,3,3,3,0,4.1,1.7,3.1,4.8,54,103,76,0.20,0.33,0.52,0.00,0.33,0.27,0.20,0.47,0.11,0.31,Partidos
358,Paulinho,pt POR,DL,Toluca,32-019,1992,17,16,1431,15.9,13,5,18,13,0,1,2,0,9.0,8.2,2.2,10.4,15,24,78,0.82,0.31,1.13,0.82,1.13,0.56,0.14,0.70,0.51,0.65,Partidos
359,Pedro Pedraza,mx MEX,CC,Pachuca,24-212,2000,15,11,885,9.8,0,0,0,0,0,0,5,0,0.0,0.0,0.1,0.1,7,36,13,0.00,0.00,0.00,0.00,0.00,0.00,0.01,0.01,0.00,0.01,Partidos
360,Federico Pereira,uy URU,DF,Toluca,24-278,2000,10,10,900,10.0,1,0,1,1,0,0,2,0,0.1,0.1,0.0,0.1,12,30,0,0.10,0.00,0.10,0.10,0.10,0.01,0.00,0.01,0.01,0.01,Partidos
361,Aldahir Perez,mx MEX,CC,Querétaro,20-055,2004,3,1,92,1.0,0,0,0,0,0,0,0,0,0.0,0.0,0.0,0.1,3,7,3,0.00,0.00,0.00,0.00,0.00,0.03,0.03,0.05,0.03,0.05,Partidos
362,Sebastián Pérez Bouquet,mx MEX,"CC,DL",FC Juárez,21-159,2003,3,0,33,0.4,0,1,1,0,0,0,0,0,0.0,0.0,0.1,0.1,1,3,3,0.00,2.73,2.73,0.00,2.73,0.00,0.40,0.40,0.00,0.40,Partidos
363,Jonathan Pérez,mx MEX,DF,Santos,19-032,2005,10,8,714,7.9,1,0,1,1,0,0,3,0,0.3,0.3,0.0,0.3,0,12,3,0.13,0.00,0.13,0.13,0.13,0.04,0.00,0.04,0.04,0.04,Partidos
364,Pavel Pérez,mx MEX,"CC,DL",Guadalajara,26-155,1998,6,1,144,1.6,0,0,0,0,0,0,0,0,0.3,0.3,0.1,0.4,10,8,17,0.00,0.00,0.00,0.00,0.00,0.16,0.07,0.23,0.16,0.23,Partidos
365,Jonathan Perlaza,ec ECU,DF,Querétaro,27-076,1997,4,2,202,2.2,0,0,0,0,0,0,0,0,0.0,0.0,0.0,0.0,3,5,2,0.00,0.00,0.00,0.00,0.00,0.00,0.01,0.01,0.00,0.01,Partidos
366,Yan Phillipe,br BRA,"DL,CC",Atlético,20-195,2004,13,6,503,5.6,2,0,2,2,0,0,1,0,1.6,1.6,0.2,1.8,19,10,38,0.36,0.00,0.36,0.36,0.36,0.28,0.04,0.32,0.28,0.32,Partidos
367,Cristiano Piccini,it ITA,DF,Atlético,32-063,1992,2,2,127,1.4,0,0,0,0,0,0,0,0,0.0,0.0,0.0,0.0,7,1,3,0.00,0.00,0.00,0.00,0.00,0.00,0.00,0.00,0.00,0.00,Partidos
368,Jesús Piñuelas,mx MEX,CC,Toluca,26-246,1998,1,0,1,0.0,0,0,0,0,0,0,0,0,0.0,0.0,0.0,0.0,0,0,0,0.00,0.00,0.00,0.00,0.00,0.00,0.00,0.00,0.00,0.00,Partidos
369,Gonzalo Piovi,ar ARG,DF,Cruz Azul,30-081,1994,15,14,1287,14.3,0,3,3,0,0,0,5,1,0.8,0.8,0.7,1.5,23,110,24,0.00,0.21,0.21,0.00,0.21,0.05,0.05,0.11,0.05,0.11,Partidos
370,Guido Pizarro,ar ARG,"DF,CC",UANL,34-276,1990,16,16,1440,16.0,1,0,1,1,0,0,3,0,1.4,1.4,0.7,2.1,14,69,10,0.06,0.00,0.06,0.06,0.06,0.09,0.05,0.13,0.09,0.13,Partidos
371,Rodolfo Pizarro,mx MEX,"CC,DL",Mazatlán,30-287,1994,7,4,395,4.4,0,0,0,0,0,0,0,0,0.2,0.2,0.3,0.5,4,24,43,0.00,0.00,0.00,0.00,0.00,0.06,0.06,0.12,0.06,0.12,Partidos
372,Osvaldo Rodríguez del Portal,mx MEX,"DF,DL",UANL,28-079,1996,3,2,127,1.4,0,0,0,0,0,0,1,0,0.0,0.0,0.0,0.0,0,4,1,0.00,0.00,0.00,0.00,0.00,0.00,0.00,0.00,0.00,0.00,Partidos
373,Osvaldo Rodríguez del Portal,mx MEX,"DL,DF",León,28-079,1996,2,0,11,0.1,0,0,0,0,0,0,0,0,0.0,0.0,0.0,0.0,0,0,0,0.00,0.00,0.00,0.00,0.00,0.00,0.00,0.00,0.00,0.00,Partidos
374,Ayrton Preciado,ec ECU,"CC,DF",Querétaro,30-134,1994,5,1,132,1.5,1,0,1,1,0,0,2,1,0.1,0.1,0.0,0.2,6,3,12,0.68,0.00,0.68,0.68,0.68,0.09,0.03,0.12,0.09,0.12,Partidos
375,Ronaldo Prieto,mx MEX,DF,Santos,27-270,1997,1,1,70,0.8,0,0,0,0,0,0,1,0,0.0,0.0,0.0,0.0,0,0,0,0.00,0.00,0.00,0.00,0.00,0.06,0.00,0.06,0.06,0.06,Partidos
RL,Jugador,País,Posc,Equipo,Edad,Nacimiento,PJ,Titular,Mín,90 s,Gls.,Ass,G+A,G-TP,TP,TPint,TA,TR,xG,npxG,xAG,npxG+xAG,PrgC,PrgP,PrgR,Gls.,Ast,G+A,G-TP,G+A-TP,xG,xAG,xG+xAG,npxG,npxG+xAG,Partidos
376,Luis Puente,mx MEX,DL,Pachuca,21-289,2003,2,2,98,1.1,0,0,0,0,0,0,0,0,0.2,0.2,0.0,0.2,0,1,4,0.00,0.00,0.00,0.00,0.00,0.17,0.03,0.21,0.17,0.21,Partidos
377,Ignacio Pussetto,ar ARG,"CC,DL",UNAM,28-343,1995,12,4,537,6.0,2,1,3,2,0,0,0,0,3.0,3.0,0.4,3.5,7,19,42,0.34,0.17,0.50,0.34,0.50,0.51,0.07,0.59,0.51,0.59,Partidos
378,Piero Quispe,pe PER,CC,UNAM,23-106,2001,15,12,1115,12.4,2,1,3,2,0,0,2,0,1.7,1.7,1.4,3.1,44,129,42,0.16,0.08,0.24,0.16,0.24,0.14,0.11,0.25,0.14,0.25,Partidos
379,Héctor Ramírez,mx MEX,DF,UNAM,20-311,2004,2,2,114,1.3,0,1,1,0,0,0,0,0,0.0,0.0,0.1,0.1,2,3,1,0.00,0.79,0.79,0.00,0.79,0.00,0.06,0.06,0.00,0.06,Partidos
380,Miguel Ramírez,us USA,DL,América,22-151,2002,1,0,22,0.2,0,0,0,0,0,0,0,0,0.0,0.0,0.0,0.0,0,2,2,0.00,0.00,0.00,0.00,0.00,0.00,0.00,0.00,0.00,0.00,Partidos
381,Paulo Ramírez,mx MEX,CC,Atlas,22-043,2002,5,1,189,2.1,0,0,0,0,0,0,0,0,0.0,0.0,0.0,0.0,1,11,1,0.00,0.00,0.00,0.00,0.00,0.01,0.00,0.01,0.01,0.01,Partidos
382,José Rangel Aguilar,mx MEX,PO,Guadalajara,24-277,2000,17,17,1530,17.0,0,0,0,0,0,0,2,0,0.0,0.0,0.1,0.1,0,1,0,0.00,0.00,0.00,0.00,0.00,0.00,0.00,0.00,0.00,0.00,Partidos
383,Luis Rey,mx MEX,DF,Guadalajara,22-075,2002,6,4,342,3.8,0,0,0,0,0,0,1,0,0.3,0.3,0.0,0.3,1,7,0,0.00,0.00,0.00,0.00,0.00,0.09,0.00,0.09,0.09,0.09,Partidos
384,Cristian Reyes,mx MEX,"CC,DL",Monterrey,18-232,2006,2,0,20,0.2,0,0,0,0,0,0,0,0,0.0,0.0,0.0,0.0,2,1,1,0.00,0.00,0.00,0.00,0.00,0.00,0.00,0.00,0.00,0.00,Partidos
385,Diego Reyes,mx MEX,CC,América,17-086,2007,2,0,3,0.0,0,0,0,0,0,0,1,0,0.0,0.0,0.0,0.0,0,0,2,0.00,0.00,0.00,0.00,0.00,0.00,0.00,0.00,0.00,0.00,Partidos
386,Diego Reyes,mx MEX,DF,UANL,32-070,1992,14,9,889,9.9,0,0,0,0,0,0,2,0,0.4,0.4,0.0,0.4,8,27,1,0.00,0.00,0.00,0.00,0.00,0.04,0.00,0.04,0.04,0.04,Partidos
387,Israel Reyes,mx MEX,DF,América,24-189,2000,13,10,955,10.6,1,0,1,1,0,0,2,0,0.7,0.7,0.1,0.8,4,30,8,0.09,0.00,0.09,0.09,0.09,0.06,0.01,0.08,0.06,0.08,Partidos
388,Salvador Reyes,mx MEX,DF,León,26-208,1998,17,17,1495,16.6,0,1,1,0,0,0,2,0,0.1,0.1,1.5,1.6,44,57,60,0.00,0.06,0.06,0.00,0.06,0.01,0.09,0.10,0.01,0.10,Partidos
389,Emanuel Reynoso,ar ARG,"CC,DL",Tijuana,29-012,1995,14,10,821,9.1,1,3,4,1,0,0,3,0,0.7,0.7,1.7,2.4,31,77,69,0.11,0.33,0.44,0.11,0.44,0.08,0.18,0.27,0.08,0.27,Partidos
390,Luis Ricardo Reyes,mx MEX,DF,Atlas,33-239,1991,17,15,1374,15.3,1,1,2,1,0,0,2,0,1.1,1.1,2.0,3.1,25,55,51,0.07,0.07,0.13,0.07,0.13,0.08,0.13,0.21,0.08,0.21,Partidos
391,Ángel Rico,mx MEX,CC,UNAM,19-321,2005,12,8,578,6.4,1,0,1,1,0,0,1,0,0.6,0.6,0.7,1.3,11,26,22,0.16,0.00,0.16,0.16,0.16,0.10,0.10,0.20,0.10,0.20,Partidos
392,Martín Río,ar ARG,"CC,DF",Querétaro,23-259,2001,11,7,659,7.3,0,0,0,0,0,0,2,0,0.3,0.3,0.0,0.4,4,29,8,0.00,0.00,0.00,0.00,0.00,0.04,0.01,0.05,0.04,0.05,Partidos
393,Víctor Ríos,mx MEX,CC,Atlas,20-291,2004,11,5,474,5.3,1,0,1,1,0,0,1,0,0.3,0.3,0.0,0.4,3,15,2,0.19,0.00,0.19,0.19,0.19,0.06,0.01,0.07,0.06,0.07,Partidos
394,Jesús Rivas,mx MEX,DF,UNAM,22-030,2002,3,1,141,1.6,0,1,1,0,0,0,0,0,0.0,0.0,0.1,0.1,1,6,3,0.00,0.64,0.64,0.00,0.64,0.02,0.05,0.06,0.02,0.06,Partidos
395,Ulises Rivas,mx MEX,"CC,DF",UNAM,28-308,1996,15,8,653,7.3,1,0,1,1,0,0,2,0,0.6,0.6,0.1,0.6,2,11,16,0.14,0.00,0.14,0.14,0.14,0.08,0.01,0.08,0.08,0.08,Partidos
396,Christian Rivera,co COL,CC,Tijuana,28-319,1996,16,13,1175,13.1,5,0,5,1,4,4,0,0,3.9,0.8,0.0,0.8,10,61,9,0.38,0.00,0.38,0.08,0.08,0.30,0.00,0.30,0.06,0.06,Partidos
397,Ignacio Rivero,uy URU,"CC,DF",Cruz Azul,32-232,1992,16,11,975,10.8,5,2,7,5,0,0,4,0,2.9,2.9,2.3,5.2,11,40,64,0.46,0.18,0.65,0.46,0.65,0.27,0.22,0.48,0.27,0.48,Partidos
398,Ángel Robles,mx MEX,"CC,DL",Puebla,23-010,2001,5,1,84,0.9,0,0,0,0,0,0,0,0,0.5,0.5,0.0,0.5,1,3,3,0.00,0.00,0.00,0.00,0.00,0.53,0.00,0.53,0.53,0.53,Partidos
399,Juan Robles,mx MEX,"CC,DF",Querétaro,21-071,2003,10,4,489,5.4,1,0,1,1,0,0,1,0,0.2,0.2,0.0,0.3,14,12,31,0.18,0.00,0.18,0.18,0.18,0.04,0.01,0.05,0.04,0.05,Partidos
400,Aldo Rocha,mx MEX,CC,Atlas,32-022,1992,16,16,1268,14.1,1,0,1,1,0,0,2,0,2.3,2.3,0.3,2.6,8,68,13,0.07,0.00,0.07,0.07,0.07,0.16,0.02,0.19,0.16,0.19,Partidos
RL,Jugador,País,Posc,Equipo,Edad,Nacimiento,PJ,Titular,Mín,90 s,Gls.,Ass,G+A,G-TP,TP,TPint,TA,TR,xG,npxG,xAG,npxG+xAG,PrgC,PrgP,PrgR,Gls.,Ast,G+A,G-TP,G+A-TP,xG,xAG,xG+xAG,npxG,npxG+xAG,Partidos
401,Brian Rodríguez,uy URU,"DL,CC",América,24-192,2000,11,8,791,8.8,4,3,7,4,0,0,0,0,3.0,3.0,1.2,4.1,44,29,107,0.46,0.34,0.80,0.46,0.80,0.34,0.13,0.47,0.34,0.47,Partidos
402,Charly Rodríguez,mx MEX,CC,Cruz Azul,27-330,1997,17,15,1310,14.6,0,6,6,0,0,0,2,0,1.3,1.3,4.3,5.6,32,120,40,0.00,0.41,0.41,0.00,0.41,0.09,0.30,0.39,0.09,0.39,Partidos
403,David Rodriguez,us USA,CC,Atlético,22-207,2002,2,0,22,0.2,0,0,0,0,0,0,0,0,0.0,0.0,0.0,0.0,2,5,2,0.00,0.00,0.00,0.00,0.00,0.06,0.08,0.14,0.06,0.14,Partidos
404,Jesús Rodríguez,mx MEX,PO,Puebla,31-191,1993,4,4,360,4.0,0,0,0,0,0,0,0,0,0.0,0.0,0.0,0.0,0,0,0,0.00,0.00,0.00,0.00,0.00,0.00,0.00,0.00,0.00,0.00,Partidos
405,Jorge Rodríguez,mx MEX,"DF,CC",Puebla,23-086,2001,4,2,193,2.1,0,0,0,0,0,0,2,0,0.0,0.0,0.1,0.1,1,0,4,0.00,0.00,0.00,0.00,0.00,0.00,0.03,0.03,0.00,0.03,Partidos
406,Lucas Rodríguez,ar ARG,CC,Querétaro,27-215,1997,16,12,1044,11.6,1,1,2,1,0,0,1,0,2.0,2.0,0.4,2.3,26,41,47,0.09,0.09,0.17,0.09,0.17,0.17,0.03,0.20,0.17,0.20,Partidos
407,Michell Rodríguez,mx MEX,"DL,DF",UNAM,24-110,2000,4,0,68,0.8,0,0,0,0,0,0,0,0,0.1,0.1,0.1,0.2,0,4,8,0.00,0.00,0.00,0.00,0.00,0.14,0.16,0.30,0.14,0.30,Partidos
408,Salvador Rodríguez,mx MEX,"DF,DL",Mazatlán,23-114,2001,4,1,132,1.5,0,0,0,0,0,0,1,0,0.0,0.0,0.0,0.0,3,2,1,0.00,0.00,0.00,0.00,0.00,0.00,0.00,0.00,0.00,0.00,Partidos
409,Johan Rojas,co COL,"CC,DL",Monterrey,22-069,2002,12,2,437,4.9,2,1,3,2,0,0,2,0,2.1,2.1,0.9,3.0,13,26,45,0.41,0.21,0.62,0.41,0.62,0.43,0.19,0.62,0.43,0.62,Partidos
410,Luis Romo,mx MEX,"CC,DF",Cruz Azul,29-176,1995,16,12,1082,12.0,0,4,4,0,0,0,2,0,1.7,1.7,2.1,3.9,9,75,48,0.00,0.33,0.33,0.00,0.33,0.14,0.18,0.32,0.14,0.32,Partidos
411,Salomón Rondón,ve VEN,DL,Pachuca,35-073,1989,13,10,919,10.2,5,2,7,5,0,0,1,1,5.6,5.6,1.6,7.2,11,32,50,0.49,0.20,0.69,0.49,0.69,0.55,0.16,0.71,0.55,0.71,Partidos
412,Bryan Roque,mx MEX,"CC,DL",Necaxa,20-038,2004,2,0,11,0.1,0,0,0,0,0,0,1,0,0.1,0.1,0.0,0.1,0,0,1,0.00,0.00,0.00,0.00,0.00,1.07,0.00,1.07,1.07,1.07,Partidos
413,Kevin Rosero,co COL,"DL,CC",Necaxa,25-361,1998,14,2,333,3.7,1,0,1,1,0,0,1,0,0.3,0.3,0.1,0.4,16,9,26,0.27,0.00,0.27,0.27,0.27,0.08,0.04,0.12,0.08,0.12,Partidos
414,Franco Rossano,mx MEX,DF,América,19-124,2005,2,0,9,0.1,0,0,0,0,0,0,0,0,0.0,0.0,0.0,0.0,0,0,2,0.00,0.00,0.00,0.00,0.00,0.00,0.00,0.00,0.00,0.00,Partidos
415,Carlos Rotondi,ar ARG,"DF,DL",Cruz Azul,27-261,1997,17,17,1368,15.2,7,4,11,3,4,4,2,0,5.4,2.2,3.3,5.6,42,56,138,0.46,0.26,0.72,0.20,0.46,0.35,0.22,0.57,0.15,0.37,Partidos
416,Fernando Rubén González,mx MEX,CC,Guadalajara,30-306,1994,15,15,1264,14.0,0,0,0,0,0,0,4,0,0.3,0.3,0.6,0.8,16,77,16,0.00,0.00,0.00,0.00,0.00,0.02,0.04,0.06,0.02,0.06,Partidos
417,Rubio Rubin,gt GUA,"DL,CC",Querétaro,28-272,1996,10,4,423,4.7,3,0,3,3,0,0,0,0,1.7,1.7,0.2,1.9,4,3,20,0.64,0.00,0.64,0.64,0.64,0.36,0.04,0.40,0.36,0.40,Partidos
418,Brian Rubio,mx MEX,DL,Mazatlán,28-019,1996,16,9,865,9.6,3,0,3,3,0,0,3,0,3.9,3.9,0.6,4.5,15,24,83,0.31,0.00,0.31,0.31,0.31,0.40,0.06,0.46,0.40,0.46,Partidos
419,Marcel Ruiz,mx MEX,CC,Toluca,24-033,2000,16,16,1298,14.4,1,1,2,1,0,0,6,0,1.3,1.3,1.5,2.8,30,103,25,0.07,0.07,0.14,0.07,0.14,0.09,0.10,0.19,0.09,0.19,Partidos
420,Franco Russo,ar ARG,DF,Querétaro,30-034,1994,13,13,1169,13.0,1,0,1,1,0,0,1,1,1.0,1.0,0.3,1.3,9,47,4,0.08,0.00,0.08,0.08,0.08,0.07,0.02,0.10,0.07,0.10,Partidos
421,Jorge Ruvalcaba,mx MEX,"CC,DF",UNAM,23-128,2001,13,10,798,8.9,2,1,3,2,0,0,1,0,1.9,1.9,1.4,3.3,27,22,77,0.23,0.11,0.34,0.23,0.34,0.22,0.16,0.37,0.22,0.37,Partidos
422,Patricio Salas,mx MEX,DL,América,20-285,2004,1,0,4,0.0,0,0,0,0,0,0,0,0,0.0,0.0,0.1,0.2,0,2,1,0.00,0.00,0.00,0.00,0.00,0.93,3.09,4.02,0.93,4.02,Partidos
423,Carlos Salcedo,mx MEX,DF,FC Juárez,31-060,1993,12,12,1059,11.8,1,1,2,1,0,0,4,1,0.2,0.2,0.3,0.5,2,30,7,0.08,0.08,0.17,0.08,0.17,0.02,0.02,0.04,0.02,0.04,Partidos
424,José Saldívar,mx MEX,CC,Pachuca,21-243,2003,1,0,5,0.1,0,0,0,0,0,0,0,0,0.0,0.0,0.0,0.0,0,0,0,0.00,0.00,0.00,0.00,0.00,0.00,0.00,0.00,0.00,0.00,Partidos
425,Sebastien Salles-Lamonge,fr FRA,"CC,DL",Atlético,28-305,1996,17,15,1262,14.0,5,1,6,3,2,2,0,0,2.9,1.3,3.3,4.6,27,87,75,0.36,0.07,0.43,0.21,0.29,0.20,0.24,0.44,0.09,0.33,Partidos
RL,Jugador,País,Posc,Equipo,Edad,Nacimiento,PJ,Titular,Mín,90 s,Gls.,Ass,G+A,G-TP,TP,TPint,TA,TR,xG,npxG,xAG,npxG+xAG,PrgC,PrgP,PrgR,Gls.,Ast,G+A,G-TP,G+A-TP,xG,xAG,xG+xAG,npxG,npxG+xAG,Partidos
426,Juan Sanabria,uy URU,"DF,CC",Atlético,24-244,2000,16,15,1355,15.1,1,1,2,1,0,0,4,0,0.9,0.9,4.3,5.2,32,67,132,0.07,0.07,0.13,0.07,0.13,0.06,0.28,0.34,0.06,0.34,Partidos
427,Andrés Sánchez,mx MEX,PO,Atlético,27-056,1997,16,16,1440,16.0,0,0,0,0,0,0,3,0,0.0,0.0,0.0,0.0,0,0,0,0.00,0.00,0.00,0.00,0.00,0.00,0.00,0.00,0.00,0.00,Partidos
428,Carlos Sánchez,mx MEX,DF,Pachuca,22-229,2002,11,6,538,6.0,1,2,3,1,0,0,1,0,0.2,0.2,0.8,1.0,14,27,18,0.17,0.33,0.50,0.17,0.50,0.04,0.13,0.17,0.04,0.17,Partidos
429,Diego Sánchez,mx MEX,DL,UANL,19-230,2005,5,4,221,2.5,0,1,1,0,0,0,0,0,0.1,0.1,0.7,0.8,8,6,29,0.00,0.41,0.41,0.00,0.41,0.02,0.29,0.31,0.02,0.31,Partidos
430,Erick Sánchez,mx MEX,"CC,DL",América,25-062,1999,14,8,815,9.1,0,0,0,0,0,0,0,0,1.8,1.8,1.2,3.0,22,38,40,0.00,0.00,0.00,0.00,0.00,0.20,0.14,0.34,0.20,0.34,Partidos
431,Jesús Sánchez García,mx MEX,DF,Guadalajara,35-089,1989,1,0,15,0.2,0,0,0,0,0,0,0,0,0.0,0.0,0.0,0.0,0,4,1,0.00,0.00,0.00,0.00,0.00,0.00,0.00,0.00,0.00,0.00,Partidos
432,Luis Sánchez,mx MEX,DF,Mazatlán,24-209,2000,16,14,1272,14.1,2,0,2,2,0,0,1,0,1.4,1.4,0.2,1.6,14,38,2,0.14,0.00,0.14,0.14,0.14,0.10,0.02,0.11,0.10,0.11,Partidos
433,Richard Sánchez,py PAR,"CC,DF",América,28-244,1996,10,8,616,6.8,0,1,1,0,0,0,0,1,0.4,0.4,0.7,1.1,26,48,11,0.00,0.15,0.15,0.00,0.15,0.06,0.10,0.16,0.06,0.16,Partidos
434,Raúl Sandoval,mx MEX,"DF,DL",Necaxa,24-315,2000,6,0,63,0.7,0,0,0,0,0,0,0,0,0.0,0.0,0.1,0.1,4,1,6,0.00,0.00,0.00,0.00,0.00,0.00,0.08,0.08,0.00,0.08,Partidos
435,Anderson Santamaría,pe PER,DF,Santos,32-323,1992,12,10,956,10.6,0,1,1,0,0,0,5,1,0.1,0.1,0.2,0.3,5,16,2,0.00,0.09,0.09,0.00,0.09,0.01,0.02,0.03,0.01,0.03,Partidos
436,José Santiago Hernández,mx MEX,PO,Atlas,27-211,1997,3,3,270,3.0,0,0,0,0,0,0,0,0,0.0,0.0,0.0,0.0,0,0,0,0.00,0.00,0.00,0.00,0.00,0.00,0.00,0.00,0.00,0.00,Partidos
437,Emilio Santillán,mx MEX,DF,Santos,21-081,2003,1,1,74,0.8,0,0,0,0,0,0,0,0,0.0,0.0,0.0,0.0,2,1,5,0.00,0.00,0.00,0.00,0.00,0.00,0.00,0.00,0.00,0.00,Partidos
438,Sebastian Santos,mx MEX,"DF,CC",León,21-312,2003,8,7,633,7.0,0,0,0,0,0,0,0,0,0.2,0.2,0.5,0.7,8,7,29,0.00,0.00,0.00,0.00,0.00,0.03,0.07,0.10,0.03,0.10,Partidos
439,Francisco Sebastián Córdova,mx MEX,"DL,CC",UANL,27-169,1997,16,12,908,10.1,1,4,5,1,0,0,2,0,2.8,2.8,3.1,5.9,20,58,95,0.10,0.40,0.50,0.10,0.50,0.27,0.31,0.58,0.27,0.58,Partidos
440,Ángel Sepúlveda,mx MEX,DL,Cruz Azul,33-287,1991,17,8,840,9.3,9,0,9,9,0,0,2,0,4.8,4.8,0.5,5.3,5,8,88,0.96,0.00,0.96,0.96,0.96,0.51,0.05,0.56,0.51,0.56,Partidos
441,Gilberto Sepúlveda,mx MEX,DF,Guadalajara,25-298,1999,8,8,698,7.8,1,0,1,1,0,0,2,0,0.2,0.2,0.2,0.5,3,21,1,0.13,0.00,0.13,0.13,0.13,0.03,0.03,0.06,0.03,0.06,Partidos
442,Leonardo Sepulveda,us USA,"DL,DF",Guadalajara,23-163,2001,3,0,21,0.2,0,0,0,0,0,0,0,0,0.0,0.0,0.0,0.0,0,1,0,0.00,0.00,0.00,0.00,0.00,0.00,0.00,0.00,0.00,0.00,Partidos
443,Jesús Serrato,mx MEX,CC,Atlas,18-343,2005,2,2,143,1.6,0,0,0,0,0,0,0,0,0.0,0.0,0.0,0.0,4,5,3,0.00,0.00,0.00,0.00,0.00,0.00,0.03,0.03,0.00,0.03,Partidos
444,Jordan Sierra,ec ECU,CC,Mazatlán,27-219,1997,16,11,971,10.8,0,1,1,0,0,0,0,0,2.0,2.0,1.7,3.6,21,52,32,0.00,0.09,0.09,0.00,0.09,0.18,0.15,0.33,0.18,0.33,Partidos
445,Nathan Silva,br BRA,DF,UNAM,27-206,1997,16,16,1440,16.0,0,0,0,0,0,0,4,0,0.5,0.5,0.6,1.1,17,48,7,0.00,0.00,0.00,0.00,0.00,0.03,0.04,0.07,0.03,0.07,Partidos
446,Carlo Soldati,mx MEX,DF,Querétaro,19-145,2005,1,0,13,0.1,0,0,0,0,0,0,0,0,0.0,0.0,0.0,0.0,0,0,0,0.00,0.00,0.00,0.00,0.00,0.00,0.00,0.00,0.00,0.00,Partidos
447,Ramiro Sordo,ar ARG,"DL,CC",Santos,24-152,2000,14,13,1056,11.7,1,3,4,1,0,0,3,0,1.0,1.0,3.3,4.3,42,20,74,0.09,0.26,0.34,0.09,0.34,0.08,0.28,0.37,0.08,0.37,Partidos
448,Samuel Sosa,ve VEN,DL,Querétaro,24-347,1999,13,7,638,7.1,1,1,2,1,0,0,4,0,1.5,1.5,0.9,2.5,6,10,24,0.14,0.14,0.28,0.14,0.28,0.22,0.13,0.35,0.22,0.35,Partidos
449,Leonardo Suárez,ar ARG,"CC,DL",UNAM,28-243,1996,4,4,250,2.8,0,1,1,0,0,0,0,0,0.1,0.1,1.4,1.5,4,17,15,0.00,0.36,0.36,0.00,0.36,0.05,0.51,0.55,0.05,0.55,Partidos
450,Fernando Tapia,mx MEX,PO,UANL,23-164,2001,3,3,270,3.0,0,0,0,0,0,0,0,0,0.0,0.0,0.0,0.0,0,0,0,0.00,0.00,0.00,0.00,0.00,0.00,0.00,0.00,0.00,0.00,Partidos
RL,Jugador,País,Posc,Equipo,Edad,Nacimiento,PJ,Titular,Mín,90 s,Gls.,Ass,G+A,G-TP,TP,TPint,TA,TR,xG,npxG,xAG,npxG+xAG,PrgC,PrgP,PrgR,Gls.,Ast,G+A,G-TP,G+A-TP,xG,xAG,xG+xAG,npxG,npxG+xAG,Partidos
451,Juan Tejeda,mx MEX,DF,Santos,20-259,2004,1,0,1,0.0,0,0,0,0,0,0,0,0,0.0,0.0,0.0,0.0,0,0,0,0.00,0.00,0.00,0.00,0.00,0.00,0.00,0.00,0.00,0.00,Partidos
452,Eduardo Tercero,mx MEX,DF,UANL,28-206,1996,1,0,39,0.4,0,0,0,0,0,0,0,0,0.0,0.0,0.0,0.0,0,0,0,0.00,0.00,0.00,0.00,0.00,0.00,0.00,0.00,0.00,0.00,Partidos
453,Iván Tona,mx MEX,CC,Tijuana,24-241,2000,13,11,949,10.5,0,1,1,0,0,0,3,0,1.0,1.0,0.7,1.6,18,70,38,0.00,0.09,0.09,0.00,0.09,0.09,0.07,0.16,0.09,0.16,Partidos
454,Alan Torres,mx MEX,CC,Mazatlán,24-283,2000,9,8,641,7.1,0,0,0,0,0,0,1,0,0.1,0.1,0.2,0.4,3,47,7,0.00,0.00,0.00,0.00,0.00,0.02,0.03,0.05,0.02,0.05,Partidos
455,Jairo Torres,mx MEX,"DL,CC",FC Juárez,24-146,2000,17,16,1407,15.6,2,2,4,2,0,0,3,0,1.3,1.3,1.4,2.7,55,67,120,0.13,0.13,0.26,0.13,0.26,0.08,0.09,0.17,0.08,0.17,Partidos
456,Óliver Torres,es ESP,"CC,DL",Monterrey,30-018,1994,13,12,874,9.7,0,1,1,0,0,0,1,0,0.9,0.9,1.2,2.2,26,79,69,0.00,0.10,0.10,0.00,0.10,0.10,0.13,0.22,0.10,0.22,Partidos
457,Román Torres,mx MEX,"DF,DL",Necaxa,19-342,2004,1,0,6,0.1,0,0,0,0,0,0,0,0,0.0,0.0,0.0,0.0,0,0,0,0.00,0.00,0.00,0.00,0.00,0.00,0.00,0.00,0.00,0.00,Partidos
458,Santiago Trigos,mx MEX,CC,UNAM,22-311,2002,9,0,160,1.8,0,0,0,0,0,0,0,0,0.0,0.0,0.5,0.5,0,7,2,0.00,0.00,0.00,0.00,0.00,0.00,0.27,0.27,0.00,0.27,Partidos
459,Ezequiel Unsain,ar ARG,PO,Necaxa,29-264,1995,17,17,1530,17.0,0,0,0,0,0,0,1,0,0.1,0.1,0.1,0.2,0,2,1,0.00,0.00,0.00,0.00,0.00,0.00,0.01,0.01,0.00,0.01,Partidos
460,Héctor Uribe,mx MEX,DL,León,20-177,2004,4,0,44,0.5,0,0,0,0,0,0,0,0,0.0,0.0,0.0,0.0,2,1,8,0.00,0.00,0.00,0.00,0.00,0.07,0.00,0.07,0.07,0.07,Partidos
461,Diego Valdés,cl CHI,"CC,DL",América,30-303,1994,11,7,576,6.4,0,2,2,0,0,0,0,0,1.7,1.7,2.4,4.1,20,46,46,0.00,0.31,0.31,0.00,0.31,0.27,0.38,0.65,0.27,0.65,Partidos
462,Christian Valdivia,mx MEX,DF,Cruz Azul,19-069,2005,1,0,19,0.2,0,0,0,0,0,0,0,0,0.0,0.0,0.0,0.0,0,1,1,0.00,0.00,0.00,0.00,0.00,0.00,0.00,0.00,0.00,0.00,Partidos
463,Diego Valoyes,co COL,"DL,CC",FC Juárez,28-067,1996,9,7,578,6.4,1,1,2,1,0,0,1,0,2.0,2.0,1.5,3.5,23,13,47,0.16,0.16,0.31,0.16,0.31,0.32,0.23,0.55,0.32,0.55,Partidos
464,Camilo Vargas,co COL,PO,Atlas,35-264,1989,14,14,1260,14.0,0,0,0,0,0,0,1,0,0.0,0.0,0.0,0.0,0,0,0,0.00,0.00,0.00,0.00,0.00,0.00,0.00,0.00,0.00,0.00,Partidos
465,William Vargas,ec ECU,DF,Mazatlán,27-169,1997,4,1,163,1.8,0,0,0,0,0,0,0,0,0.1,0.1,0.0,0.1,1,4,12,0.00,0.00,0.00,0.00,0.00,0.03,0.00,0.03,0.03,0.03,Partidos
466,Brandon Vazquez,us USA,"DL,CC",Monterrey,26-045,1998,16,6,554,6.2,3,1,4,2,1,1,0,0,4.9,4.1,1.6,5.7,10,4,31,0.49,0.16,0.65,0.32,0.49,0.79,0.26,1.05,0.66,0.92,Partidos
467,Brayton Vázquez,mx MEX,DF,Querétaro,26-207,1998,4,4,293,3.3,0,0,0,0,0,0,0,0,0.0,0.0,0.0,0.0,3,11,3,0.00,0.00,0.00,0.00,0.00,0.00,0.00,0.00,0.00,0.00,Partidos
468,Miguel Vázquez,mx MEX,DF,América,20-295,2004,7,5,477,5.3,0,0,0,0,0,0,1,0,0.1,0.1,0.0,0.2,1,9,1,0.00,0.00,0.00,0.00,0.00,0.02,0.00,0.03,0.02,0.03,Partidos
469,Alexis Vega,mx MEX,"CC,DL",Toluca,27-003,1997,17,14,1166,13.0,3,3,6,2,1,1,2,0,3.5,2.7,2.9,5.6,40,88,72,0.23,0.23,0.46,0.15,0.39,0.27,0.23,0.49,0.21,0.43,Partidos
470,Jesús Vega,mx MEX,"DL,CC",Tijuana,24-255,2000,5,2,204,2.3,0,3,3,0,0,0,0,0,0.0,0.0,1.2,1.2,5,7,17,0.00,1.32,1.32,0.00,1.32,0.02,0.52,0.54,0.02,0.54,Partidos
471,Sebastián Vegas,cl CHI,DF,Monterrey,27-360,1996,10,7,629,7.0,0,1,1,0,0,0,2,1,0.3,0.3,0.7,1.0,8,39,16,0.00,0.14,0.14,0.00,0.14,0.04,0.11,0.14,0.04,0.14,Partidos
472,Kevin Velasco,co COL,CC,Puebla,27-212,1997,6,3,221,2.5,0,0,0,0,0,0,0,0,0.2,0.2,0.7,0.9,8,6,15,0.00,0.00,0.00,0.00,0.00,0.07,0.29,0.36,0.07,0.36,Partidos
473,Jesús Venegas,mx MEX,"CC,DL",FC Juárez,29-243,1995,10,4,374,4.2,1,1,2,1,0,0,1,0,0.6,0.6,0.1,0.7,1,13,8,0.24,0.24,0.48,0.24,0.48,0.15,0.02,0.17,0.15,0.17,Partidos
474,Jonatan Villal,us USA,"CC,DL",Atlético,19-327,2005,2,0,3,0.0,0,0,0,0,0,0,0,0,0.0,0.0,0.0,0.0,2,3,4,0.00,0.00,0.00,0.00,0.00,0.65,0.00,0.65,0.65,0.65,Partidos
475,Fran Villalba,es ESP,"DL,CC",Santos,26-201,1998,12,7,535,5.9,1,0,1,1,0,0,0,0,1.0,1.0,0.6,1.6,12,20,18,0.17,0.00,0.17,0.17,0.17,0.16,0.10,0.26,0.16,0.26,Partidos
RL,Jugador,País,Posc,Equipo,Edad,Nacimiento,PJ,Titular,Mín,90 s,Gls.,Ass,G+A,G-TP,TP,TPint,TA,TR,xG,npxG,xAG,npxG+xAG,PrgC,PrgP,PrgR,Gls.,Ast,G+A,G-TP,G+A-TP,xG,xAG,xG+xAG,npxG,npxG+xAG,Partidos
476,Dieter Villalpando,mx MEX,"CC,DL",FC Juárez,33-116,1991,17,13,1121,12.5,0,0,0,0,0,0,3,0,0.5,0.5,1.4,1.9,25,82,62,0.00,0.00,0.00,0.00,0.00,0.04,0.11,0.15,0.04,0.15,Partidos
477,Isaías Violante,mx MEX,"DL,CC",Toluca,21-039,2003,13,10,793,8.8,4,3,7,4,0,0,3,0,2.9,2.9,1.4,4.2,30,19,53,0.45,0.34,0.79,0.45,0.79,0.33,0.15,0.48,0.33,0.48,Partidos
478,Vitinho,br BRA,"DL,CC",Atlético,23-219,2001,7,3,309,3.4,1,0,1,1,0,0,1,0,1.1,1.1,0.1,1.2,18,10,30,0.29,0.00,0.29,0.29,0.29,0.33,0.03,0.36,0.33,0.36,Partidos
479,Tiago Volpi,br BRA,PO,Toluca,33-345,1990,17,17,1530,17.0,0,0,0,0,0,0,1,0,0.0,0.0,0.2,0.2,0,1,0,0.00,0.00,0.00,0.00,0.00,0.00,0.01,0.01,0.00,0.01,Partidos
480,Facundo Waller,uy URU,CC,Puebla,27-233,1997,12,6,622,6.9,0,1,1,0,0,0,2,0,0.2,0.2,1.0,1.2,12,28,23,0.00,0.14,0.14,0.00,0.14,0.03,0.15,0.18,0.03,0.18,Partidos
481,Teun Wilke,mx MEX,DL,Guadalajara,22-259,2002,2,1,122,1.4,0,0,0,0,0,0,0,0,0.1,0.1,0.1,0.3,0,1,5,0.00,0.00,0.00,0.00,0.00,0.09,0.11,0.19,0.09,0.19,Partidos
482,Édgar Yoel Bárcenas,pa PAN,"CC,DL",Mazatlán,31-036,1993,16,15,1338,14.9,0,2,2,0,0,0,2,0,1.9,1.9,3.8,5.7,68,88,107,0.00,0.13,0.13,0.00,0.13,0.13,0.25,0.38,0.13,0.38,Partidos
483,Ángel Zaldívar,mx MEX,DL,FC Juárez,30-294,1994,11,6,495,5.5,3,0,3,3,0,0,1,0,1.2,1.2,0.5,1.8,2,5,23,0.55,0.00,0.55,0.55,0.55,0.22,0.10,0.32,0.22,0.32,Partidos
484,Edgar Zaldívar,mx MEX,DF,Atlas,28-042,1996,16,13,1003,11.1,1,0,1,1,0,0,1,0,0.2,0.2,0.5,0.7,9,35,34,0.09,0.00,0.09,0.09,0.09,0.02,0.04,0.06,0.02,0.06,Partidos
485,Alejandro Zendejas,us USA,"DL,CC",América,26-295,1998,12,10,843,9.4,2,2,4,2,0,0,2,0,1.4,1.4,2.3,3.7,30,49,61,0.21,0.21,0.43,0.21,0.43,0.15,0.24,0.39,0.15,0.39,Partidos
486,José Zúñiga,co COL,"DL,CC",Tijuana,30-138,1994,14,7,762,8.5,4,1,5,4,0,0,3,0,4.0,4.0,0.8,4.7,12,8,62,0.47,0.12,0.59,0.47,0.59,0.47,0.09,0.56,0.47,0.56,Partidos
487,Uroš Đurđević,me MNE,"DL,CC",Atlas,30-271,1994,8,1,198,2.2,0,0,0,0,0,0,2,0,0.4,0.4,0.6,1.0,1,4,13,0.00,0.00,0.00,0.00,0.00,0.18,0.28,0.46,0.18,0.46,Partidos
